frame_index,time_seconds,mse_surprise_score
0,0.0,0.0
1,0.025,0.0
2,0.05,0.0
3,0.075,0.0
4,0.1,0.0
5,0.125,0.05350367724895477
6,0.15,0.0393088273704052
7,0.175,0.030095821246504784
8,0.2,0.02187156118452549
9,0.225,0.01442065928131342
10,0.25,0.012117357924580574
11,0.275,0.010324849747121334
12,0.3,0.00890254881232977
13,0.325,0.006631650496274233
14,0.35,0.005874403286725283
15,0.375,0.005239822901785374
16,0.4,0.004702777601778507
17,0.425,0.0038496654015034437
18,0.45,0.003507649526000023
19,0.475,0.003209267510101199
20,0.5,0.16355177760124207
21,0.525,0.27805888652801514
22,0.55,0.207981675863266
23,0.575,0.2070816457271576
24,0.6,0.2568286061286926
25,0.625,0.006978820543736219
26,0.65,0.00654945895075798
27,0.675,0.006158535834401846
28,0.7,0.00580159667879343
29,0.725,0.005174881778657436
30,0.75,0.004898937419056892
31,0.775,0.004644491709768772
32,0.8,0.004409365821629763
33,0.825,0.00398967694491148
34,0.85,0.003801952814683318
35,0.875,0.003627174999564886
36,0.9,0.0034641758538782597
37,0.925,0.0031694918870925903
38,0.95,0.003036055713891983
39,0.975,0.0029108698945492506
40,1.0,0.002793272491544485
41,1.025,0.002578487154096365
42,1.05,0.16948920488357544
43,1.075,0.25102195143699646
44,1.1,0.21083886921405792
45,1.125,0.20741362869739532
46,1.15,0.2568042576313019
47,1.175,0.005168348550796509
48,1.2,0.004994635004550219
49,1.225,0.004672487732023001
50,1.25,0.0045229773968458176
51,1.275,0.004380527883768082
52,1.3,0.004244707524776459
53,1.325,0.003991349600255489
54,1.35,0.0038730953820049763
55,1.375,0.0037600179202854633
56,1.4,0.003651821054518223
57,1.425,0.0034489831887185574
58,1.45,0.0033538429997861385
59,1.475,0.0032625868916511536
60,1.5,0.0031750036869198084
61,1.525,0.003010097425431013
62,1.55,0.0029324206989258528
63,1.575,0.002857712097465992
64,1.6,0.16353195905685425
65,1.625,0.2312314212322235
66,1.65,0.2084898054599762
67,1.675,0.20950618386268616
68,1.7,0.2594737410545349
69,1.725,0.004069976508617401
70,1.75,0.003976951353251934
71,1.775,0.0038870791904628277
72,1.8,0.0038002203218638897
73,1.825,0.0036350125446915627
74,1.85,0.0035564200952649117
75,1.875,0.003480349900200963
76,1.9,0.0034066943917423487
77,1.925,0.0032662260346114635
78,1.95,0.003199229948222637
79,1.975,0.003134272526949644
80,2.0,0.00307127321138978
81,2.025,0.002950843656435609
82,2.05,0.0028932662680745125
83,2.075,0.0028373596724122763
84,2.1,0.0027830565813928843
85,2.125,0.0026790271513164043
86,2.15,0.1637023538351059
87,2.175,0.27691948413848877
88,2.2,0.2098057121038437
89,2.225,0.20907112956047058
90,2.25,0.25010091066360474
91,2.275,0.003917265683412552
92,2.3,0.003848843276500702
93,2.325,0.003717268817126751
94,2.35,0.0036539961583912373
95,2.375,0.0035923277027904987
96,2.4,0.003532205242663622
97,2.425,0.0034164050593972206
98,2.45,0.003360627917572856
99,2.475,0.0033062053844332695
100,2.5,0.003253094619140029
101,2.525,0.003150639124214649
102,2.55,0.003101219655945897
103,2.575,0.0030529522337019444
104,2.6,0.003005803329870105
105,2.625,0.002914723940193653
106,2.65,0.002870727563276887
107,2.675,0.002827721182256937
108,2.7,0.16900815069675446
109,2.725,0.256170392036438
110,2.75,0.20816844701766968
111,2.775,0.2100144773721695
112,2.8,0.2601976990699768
113,2.825,0.0035431361757218838
114,2.85,0.0034934082068502903
115,2.875,0.003444720059633255
116,2.9,0.0033970423974096775
117,2.925,0.003304610960185528
118,2.95,0.003259803634136915
119,2.975,0.0032158996909856796
120,3.0,0.0031728786416351795
121,3.025,0.003089385572820902
122,3.05,0.00304886931553483
123,3.075,0.0030091451480984688
124,3.1,0.002970192115753889
125,3.125,0.002894521690905094
126,3.15,0.002857765881344676
127,3.175,0.0028217057697474957
128,3.2,0.0027863257564604282
129,3.225,0.0026959094684571028
130,3.25,0.1738223433494568
131,3.275,0.24946168065071106
132,3.3,0.20910024642944336
133,3.325,0.2096375823020935
134,3.35,0.259745717048645
135,3.375,0.0035288201179355383
136,3.4,0.0034871825482696295
137,3.425,0.003406088100746274
138,3.45,0.003366597928106785
139,3.475,0.0033277906477451324
140,3.5,0.003289649495854974
141,3.525,0.003215308766812086
142,3.55,0.0031790805514901876
143,3.575,0.0031434609554708004
144,3.6,0.0031084371730685234
145,3.625,0.0030401209369301796
146,3.65,0.00300680473446846
147,3.675,0.0029740342870354652
148,3.7,0.0029417946934700012
149,3.725,0.0028788712806999683
150,3.75,0.002848162781447172
151,3.775,0.0027967728674411774
152,3.8,0.1687851995229721
153,3.825,0.2489897906780243
154,3.85,0.2077343463897705
155,3.875,0.21023476123809814
156,3.9,0.2516571581363678
157,3.925,0.0033247927203774452
158,3.95,0.00329112377949059
159,3.975,0.0032579638063907623
160,4.0,0.0032253023236989975
161,4.025,0.0031614373438060284
162,4.05,0.0031302133575081825
163,4.075,0.0030994496773928404
164,4.1,0.003069136291742325
165,4.125,0.0030098313000053167
166,4.15,0.0029808213002979755
167,4.175,0.002952227368950844
168,4.2,0.002924045780673623
169,4.225,0.002868874464184046
170,4.25,0.002841874025762081
171,4.275,0.0028152524027973413
172,4.3,0.0027693482115864754
173,4.325,0.002694973023608327
174,4.35,0.1688115894794464
175,4.375,0.2493356466293335
176,4.4,0.20875322818756104
177,4.425,0.20992347598075867
178,4.45,0.26013559103012085
179,4.475,0.003340502269566059
180,4.5,0.0033107430208474398
181,4.525,0.0032524066045880318
182,4.55,0.0032238145358860493
183,4.575,0.003195596393197775
184,4.6,0.0031677482184022665
185,4.625,0.0031131331343203783
186,4.65,0.003086353652179241
187,4.675,0.003059918060898781
188,4.7,0.0030338196083903313
189,4.725,0.0029826180543750525
190,4.75,0.002957502380013466
191,4.775,0.00293269963003695
192,4.8,0.0029082109685987234
193,4.825,0.002860140521079302
194,4.85,0.0028151017613708973
195,4.875,0.0027485680766403675
196,4.9,0.16970288753509521
197,4.925,0.27602022886276245
198,4.95,0.20821011066436768
199,4.975,0.21035778522491455
200,5.0,0.20788836479187012
201,5.025,0.2093721181154251
202,5.05,0.24680760502815247
203,5.075,0.23436513543128967
204,5.1,0.003612095257267356
205,5.125,0.003555877134203911
206,5.15,0.0035282582975924015
207,5.175,0.003500961000099778
208,5.2,0.003473978955298662
209,5.225,0.00342094199731946
210,5.25,0.003394876839593053
211,5.275,0.0033691097050905228
212,5.3,0.0033436338417232037
213,5.325,0.003293542191386223
214,5.35,0.0032689182553440332
215,5.375,0.00324456999078393
216,5.4,0.003220491111278534
217,5.425,0.0031731310300529003
218,5.45,0.0031498423777520657
219,5.475,0.003126808675006032
220,5.5,0.0031040271278470755
221,5.525,0.27485257387161255
222,5.55,0.2043425589799881
223,5.575,0.20773197710514069
224,5.6,0.25981974601745605
225,5.625,0.2173055112361908
226,5.65,0.0034589229617267847
227,5.675,0.0034345206804573536
228,5.7,0.0034103768412023783
229,5.725,0.0033628460951149464
230,5.75,0.0033394519705325365
231,5.775,0.0033163013868033886
232,5.8,0.003293390618637204
233,5.825,0.0032482766546308994
234,5.85,0.0032260664738714695
235,5.875,0.0032040837686508894
236,5.9,0.0031823241151869297
237,5.925,0.003139464184641838
238,5.95,0.003118359949439764
239,5.975,0.0030974657274782658
240,6.0,0.0030767815187573433
241,6.025,0.0030360303353518248
242,6.05,0.0030159568414092064
243,6.075,0.26742875576019287
244,6.1,0.20496556162834167
245,6.125,0.20757585763931274
246,6.15,0.2507480978965759
247,6.175,0.22387409210205078
248,6.2,0.0034734210930764675
249,6.225,0.0034288917668163776
250,6.25,0.003406946314498782
251,6.275,0.0033852122724056244
252,6.3,0.003363683819770813
253,6.325,0.003321239957585931
254,6.35,0.0033003189601004124
255,6.375,0.0032795961014926434
256,6.4,0.0032590662594884634
257,6.425,0.003218581434339285
258,6.45,0.0031986203975975513
259,6.475,0.0031788465566933155
260,6.5,0.003159253392368555
261,6.525,0.0031206095591187477
262,6.55,0.0030929872300475836
263,6.575,0.0030734874308109283
264,6.6,0.003044601995497942
265,6.625,0.27517253160476685
266,6.65,0.20443220436573029
267,6.675,0.20846518874168396
268,6.7,0.251274049282074
269,6.725,0.22107267379760742
270,6.75,0.00335987051948905
271,6.775,0.0033400184474885464
272,6.8,0.0033203428611159325
273,6.825,0.0032815090380609035
274,6.85,0.0032623466104269028
275,6.875,0.0032433513551950455
276,6.9,0.0032245228067040443
277,6.925,0.0031873532570898533
278,6.95,0.0031690094619989395
279,6.975,0.003150822361931205
280,7.0,0.003132790559902787
281,7.025,0.003097192384302616
282,7.05,0.0030796187929809093
283,7.075,0.003052053041756153
284,7.1,0.0030358368530869484
285,7.125,0.003008489031344652
286,7.15,0.002991657704114914
287,7.175,0.22311446070671082
288,7.2,0.2053370475769043
289,7.225,0.21104812622070312
290,7.25,0.24926099181175232
291,7.275,0.22477483749389648
292,7.3,0.003351532155647874
293,7.325,0.003301299177110195
294,7.35,0.003296963404864073
295,7.375,0.0032548357266932726
296,7.4,0.0032163450960069895
297,7.425,0.0031567115802317858
298,7.45,0.003139762207865715
299,7.475,0.003118423745036125
300,7.5,0.003106271382421255
301,7.525,0.0030733151361346245
302,7.55,0.0030526022892445326
303,7.575,0.0030408790335059166
304,7.6,0.003020468633621931
305,7.625,0.002988841850310564
306,7.65,0.002977528143674135
307,7.675,0.002957707503810525
308,7.7,0.002942322753369808
309,7.725,0.2750195264816284
310,7.75,0.2062605768442154
311,7.775,0.20968928933143616
312,7.8,0.2602553367614746
313,7.825,0.2161019742488861
314,7.85,0.003251428948715329
315,7.875,0.0032349033281207085
316,7.9,0.00320067279972136
317,7.925,0.0031986315734684467
318,7.95,0.003128962591290474
319,7.975,0.003096305998042226
320,8.0,0.0030880137346684933
321,8.025,0.0030572861433029175
322,8.05,0.003034994937479496
323,8.075,0.0030152860563248396
324,8.1,0.003012050874531269
325,8.125,0.0029708906076848507
326,8.15,0.00296088308095932
327,8.175,0.002941833809018135
328,8.2,0.0029274658299982548
329,8.225,0.002899045357480645
330,8.25,0.00288498867303133
331,8.275,0.27531227469444275
332,8.3,0.2188035100698471
333,8.325,0.21550992131233215
334,8.35,0.0030880647245794535
335,8.375,0.003078820649534464
336,8.4,0.0030586544889956713
337,8.425,0.0030296624172478914
338,8.45,0.0030153209809213877
339,8.475,0.0029978794045746326
340,8.5,0.002983754500746727
341,8.525,0.0029558034148067236
342,8.55,0.002941976999863982
343,8.575,0.0029282448813319206
344,8.6,0.0029146079905331135
345,8.625,0.0028876224532723427
346,8.65,0.0028742682188749313
347,8.675,0.0028610078152269125
348,8.7,0.002847838681191206
349,8.725,0.0028217725921422243
350,8.75,0.0028088728431612253
351,8.775,0.0027960618026554585
352,8.8,0.0027833362109959126
353,8.825,0.27549248933792114
354,8.85,0.20753522217273712
355,8.875,0.2107032686471939
356,8.9,0.2607247829437256
357,8.925,0.227637380361557
358,8.95,0.0029982924461364746
359,8.975,0.002981428522616625
360,9.0,0.0029681632295250893
361,9.025,0.0029418973717838526
362,9.05,0.002928894478827715
363,9.075,0.0029159775003790855
364,9.1,0.002903146669268608
365,9.125,0.0028777355328202248
366,9.15,0.0028651547618210316
367,9.175,0.002852656878530979
368,9.2,0.00284024141728878
369,9.225,0.0028156498447060585
370,9.25,0.002803474199026823
371,9.275,0.002791378181427717
372,9.3,0.00277935853227973
373,9.325,0.0027555529959499836
374,9.35,0.002743764314800501
375,9.375,0.18345174193382263
376,9.4,0.2078964114189148
377,9.425,0.21224169433116913
378,9.45,0.2451292723417282
379,9.475,0.2252565324306488
380,9.5,0.0030161456670612097
381,9.525,0.002990850480273366
382,9.55,0.002978325355798006
383,9.575,0.0029658768326044083
384,9.6,0.0029535051435232162
385,9.625,0.002928994596004486
386,9.65,0.0029168527107685804
387,9.675,0.0029047878924757242
388,9.7,0.0028927987441420555
389,9.725,0.002869038376957178
390,9.75,0.0028572664596140385
391,9.775,0.0028455699793994427
392,9.8,0.0028339428827166557
393,9.825,0.0028109014965593815
394,9.85,0.002799488604068756
395,9.875,0.0027881432324647903
396,9.9,0.002776864916086197
397,9.925,0.2151702344417572
398,9.95,0.20757992565631866
399,9.975,0.2107304334640503
400,10.0,0.2608119547367096
401,10.025,0.21741697192192078
402,10.05,0.002964687068015337
403,10.075,0.002952911891043186
404,10.1,0.002941203536465764
405,10.125,0.0029179994016885757
406,10.15,0.0029065003618597984
407,10.175,0.0028950690757483244
408,10.2,0.0028837041463702917
409,10.225,0.0028611759189516306
410,10.25,0.0028500105254352093
411,10.275,0.00283890962600708
412,10.3,0.0028278741519898176
413,10.325,0.002805995289236307
414,10.35,0.00279515003785491
415,10.375,0.0027843699790537357
416,10.4,0.0027736497577279806
417,10.425,0.0027523962780833244
418,10.45,0.0027418609242886305
419,10.475,0.22284704446792603
420,10.5,0.23607352375984192
421,10.525,0.21414873003959656
422,10.55,0.26463621854782104
423,10.575,0.22383356094360352
424,10.6,0.0029931175522506237
425,10.625,0.00297061400488019
426,10.65,0.002959455596283078
427,10.675,0.002948361448943615
428,10.7,0.0029373292345553637
429,10.725,0.002915450604632497
430,10.75,0.0029046018607914448
431,10.775,0.0028938145842403173
432,10.8,0.002883086446672678
433,10.825,0.002861808519810438
434,10.85,0.0028512796852737665
435,10.875,0.0028368530329316854
436,10.9,0.002820451743900776
437,10.925,0.002810064237564802
438,10.95,0.0027993707917630672
439,10.975,0.002776595763862133
440,11.0,0.002779437229037285
441,11.025,0.2154066115617752
442,11.05,0.20700140297412872
443,11.075,0.20955359935760498
444,11.1,0.26128819584846497
445,11.125,0.22846418619155884
446,11.15,0.002952124224975705
447,11.175,0.0029415530152618885
448,11.2,0.0029310386162251234
449,11.225,0.0029101772233843803
450,11.25,0.002899829763919115
451,11.275,0.0028840689919888973
452,11.3,0.0028793001547455788
453,11.325,0.0028535770252346992
454,11.35,0.0028435213025659323
455,11.375,0.002838889602571726
456,11.4,0.0028235658537596464
457,11.425,0.0028090067207813263
458,11.45,0.002794025931507349
459,11.475,0.0027842822019010782
460,11.5,0.0027659113984555006
461,11.525,0.0027553546242415905
462,11.55,0.002745812525972724
463,11.575,0.2903588116168976
464,11.6,0.20818012952804565
465,11.625,0.20934724807739258
466,11.65,0.25186800956726074
467,11.675,0.08817452937364578
468,11.7,0.0029747465159744024
469,11.725,0.0029514054767787457
470,11.75,0.0029382696375250816
471,11.775,0.002940691541880369
472,11.8,0.0029219191055744886
473,11.825,0.0028986306861042976
474,11.85,0.0028990651480853558
475,11.875,0.0028791106306016445
476,11.9,0.002876562997698784
477,11.925,0.0028556569013744593
478,11.95,0.002848030999302864
479,11.975,0.002838513581082225
480,12.0,0.0028271249029785395
481,12.025,0.0028132335282862186
482,12.05,0.0027946699410676956
483,12.075,0.002785407705232501
484,12.1,0.00278051127679646
485,12.125,0.22311702370643616
486,12.15,0.20680251717567444
487,12.175,0.20998364686965942
488,12.2,0.2614085376262665
489,12.225,0.1761152744293213
490,12.25,0.0029323454946279526
491,12.275,0.0029227861668914557
492,12.3,0.0029112850315868855
493,12.325,0.002897392027080059
494,12.35,0.0028830429073423147
495,12.375,0.0028826743364334106
496,12.4,0.002866399008780718
497,12.425,0.002854890190064907
498,12.45,0.002845718525350094
499,12.475,0.0028297104872763157
500,12.5,0.0028200617525726557
501,12.525,0.0028105766978114843
502,12.55,0.0027908971533179283
503,12.575,0.002782015595585108
504,12.6,0.002780074719339609
505,12.625,0.0027643991634249687
506,12.65,0.002755658468231559
507,12.675,0.27552366256713867
508,12.7,0.21934199333190918
509,12.725,0.16856305301189423
510,12.75,0.21606901288032532
511,12.775,0.002870715456083417
512,12.8,0.002857581712305546
513,12.825,0.0028420607559382915
514,12.85,0.002834122162312269
515,12.875,0.0028291908092796803
516,12.9,0.002815167885273695
517,12.925,0.0027964094188064337
518,12.95,0.002789122983813286
519,12.975,0.002789391204714775
520,13.0,0.002776669105514884
521,13.025,0.0027593178674578667
522,13.05,0.0027447659522295
523,13.075,0.0027432020287960768
524,13.1,0.0027288668788969517
525,13.125,0.0027113952673971653
526,13.15,0.0027024501468986273
527,13.175,0.0027012317441403866
528,13.2,0.002691031666472554
529,13.225,0.22291681170463562
530,13.25,0.20777294039726257
531,13.275,0.2103121280670166
532,13.3,0.2617127299308777
533,13.325,0.17608097195625305
534,13.35,0.00283403554931283
535,13.375,0.002832462778314948
536,13.4,0.002813040278851986
537,13.425,0.0027977204881608486
538,13.45,0.0027893998194485903
539,13.475,0.0027811171021312475
540,13.5,0.002772870473563671
541,13.525,0.0027590757235884666
542,13.55,0.002748350612819195
543,13.575,0.0027405722066760063
544,13.6,0.0027307921554893255
545,13.625,0.0027161589823663235
546,13.65,0.002710417378693819
547,13.675,0.002700275043025613
548,13.7,0.0026910139713436365
549,13.725,0.0026751139666885138
550,13.75,0.0026704869233071804
551,13.775,0.22316597402095795
552,13.8,0.20865492522716522
553,13.825,0.21255135536193848
554,13.85,0.21209891140460968
555,13.875,0.1581924557685852
556,13.9,0.0028493269346654415
557,13.925,0.0028249332681298256
558,13.95,0.0028105503879487514
559,13.975,0.0028030849061906338
560,14.0,0.002786769066005945
561,14.025,0.0027788709849119186
562,14.05,0.002761077368631959
563,14.075,0.0027541923336684704
564,14.1,0.0027463724836707115
565,14.125,0.002735208021476865
566,14.15,0.0027246694080531597
567,14.175,0.0027154283598065376
568,14.2,0.0027121086604893208
569,14.225,0.0026925622951239347
570,14.25,0.002685165498405695
571,14.275,0.002677477430552244
572,14.3,0.002669982146471739
573,14.325,0.23608168959617615
574,14.35,0.20865832269191742
575,14.375,0.21134713292121887
576,14.4,0.2617964744567871
577,14.425,0.1058960035443306
578,14.45,0.002823603106662631
579,14.475,0.002798656467348337
580,14.5,0.002784501761198044
581,14.525,0.00278457417152822
582,14.55,0.002784897107630968
583,14.575,0.002756004221737385
584,14.6,0.00274748750962317
585,14.625,0.0027324161492288113
586,14.65,0.002724957186728716
587,14.675,0.002717526163905859
588,14.7,0.002708334708586335
589,14.725,0.0026936347130686045
590,14.75,0.0026863301172852516
591,14.775,0.0026790546253323555
592,14.8,0.0026752909179776907
593,14.825,0.0026574069634079933
594,14.85,0.0026502488180994987
595,14.875,0.2228800654411316
596,14.9,0.22078350186347961
597,14.925,0.1865527182817459
598,14.95,0.22478151321411133
599,14.975,0.0027556177228689194
600,15.0,0.0027464800514280796
601,15.025,0.002731873420998454
602,15.05,0.0027246123645454645
603,15.075,0.0027160760946571827
604,15.1,0.0027101770974695683
605,15.125,0.0026958570815622807
606,15.15,0.0026874481700360775
607,15.175,0.0026816478930413723
608,15.2,0.0026733041740953922
609,15.225,0.0026592721696943045
610,15.25,0.002652296330779791
611,15.275,0.0026466171257197857
612,15.3,0.002638428006321192
613,15.325,0.0026246681809425354
614,15.35,0.002617829479277134
615,15.375,0.00261101545765996
616,15.4,0.07473813742399216
617,15.425,0.23781543970108032
618,15.45,0.2092224359512329
619,15.475,0.2118302285671234
620,15.5,0.2616339325904846
621,15.525,0.015772972255945206
622,15.55,0.002726453822106123
623,15.575,0.0027180886827409267
624,15.6,0.0027093663811683655
625,15.625,0.0026969299651682377
626,15.65,0.0026917005889117718
627,15.675,0.0026817568577826023
628,15.7,0.00267492001876235
629,15.725,0.002661324106156826
630,15.75,0.002655965741723776
631,15.775,0.002647832501679659
632,15.8,0.0026411241851747036
633,15.825,0.0026291701942682266
634,15.85,0.0026225356850773096
635,15.875,0.0026145470328629017
636,15.9,0.0026079663075506687
637,15.925,0.0025948770344257355
638,15.95,0.10575491189956665
639,15.975,0.22762221097946167
640,16.0,0.2114982306957245
641,16.025,0.21386051177978516
642,16.05,0.25236600637435913
643,16.075,0.0027460106648504734
644,16.1,0.002737587783485651
645,16.125,0.00272560678422451
646,16.15,0.0027188551612198353
647,16.175,0.0027121305465698242
648,16.2,0.002703852951526642
649,16.225,0.0026921029202640057
650,16.25,0.0026854758616536856
651,16.275,0.002678873483091593
652,16.3,0.002674441784620285
653,16.325,0.002659211400896311
654,16.35,0.0026527056470513344
655,16.375,0.002643043641000986
656,16.4,0.0026397653855383396
657,16.425,0.0026269194204360247
658,16.45,0.0026205333415418863
659,16.475,0.002614167518913746
660,16.5,0.13620737195014954
661,16.525,0.23808813095092773
662,16.55,0.20902517437934875
663,16.575,0.21186162531375885
664,16.6,0.2616071105003357
665,16.625,0.0027257693000137806
666,16.65,0.002719220705330372
667,16.675,0.002714931033551693
668,16.7,0.0027084231842309237
669,16.725,0.0026932633481919765
670,16.75,0.002686831634491682
671,16.775,0.0026804213412106037
672,16.8,0.0026740364264696836
673,16.825,0.002661333419382572
674,16.85,0.002655014395713806
675,16.875,0.0026487200520932674
676,16.9,0.0026424466632306576
677,16.925,0.0026299681048840284
678,16.95,0.002623762469738722
679,16.975,0.002617577323690057
680,17.0,0.0026098047383129597
681,17.025,0.0025991550646722317
682,17.05,0.09008931368589401
683,17.075,0.2686111330986023
684,17.1,0.20916567742824554
685,17.125,0.21164415776729584
686,17.15,0.25240358710289
687,17.175,0.002749177860096097
688,17.2,0.002742780838161707
689,17.225,0.00273176864720881
690,17.25,0.0027237236499786377
691,17.275,0.0027191219851374626
692,17.3,0.0027095971163362265
693,17.325,0.0026988491881638765
694,17.35,0.0026908793952316046
695,17.375,0.002684681909158826
696,17.4,0.0026802464853972197
697,17.425,0.002666220534592867
698,17.45,0.0026601094286888838
699,17.475,0.002654016949236393
700,17.5,0.002647948917001486
701,17.525,0.002635871758684516
702,17.55,0.002629863331094384
703,17.575,0.0026238751597702503
704,17.6,0.16870710253715515
705,17.625,0.2156674563884735
706,17.65,0.20878013968467712
707,17.675,0.2118653506040573
708,17.7,0.261612206697464
709,17.725,0.002731693210080266
710,17.75,0.0027255392633378506
711,17.775,0.002719402313232422
712,17.8,0.0027132874820381403
713,17.825,0.00270112045109272
714,17.85,0.0026933089829981327
715,17.875,0.0026890351437032223
716,17.9,0.0026830234564840794
717,17.925,0.0026710578240454197
718,17.95,0.0026633678935468197
719,17.975,0.002657790668308735
720,18.0,0.0026500984095036983
721,18.025,0.002638345118612051
722,18.05,0.0026324992068111897
723,18.075,0.0026266712229698896
724,18.1,0.002620863728225231
725,18.125,0.0026093055494129658
726,18.15,0.16861626505851746
727,18.175,0.22308680415153503
728,18.2,0.2208021581172943
729,18.225,0.21644416451454163
730,18.25,0.09013020247220993
731,18.275,0.0026869215071201324
732,18.3,0.0026825261302292347
733,18.325,0.002669350942596793
734,18.35,0.0026635336689651012
735,18.375,0.0026577336248010397
736,18.4,0.0026519526727497578
737,18.425,0.0026404461823403835
738,18.45,0.002634722273796797
739,18.475,0.002629016526043415
740,18.5,0.002623329171910882
741,18.525,0.0026120098773390055
742,18.55,0.0026063777040690184
743,18.575,0.0026022233068943024
744,18.6,0.002595167374238372
745,18.625,0.0025840282905846834
746,18.65,0.0025784869212657213
747,18.675,0.0025729637127369642
748,18.7,0.16864518821239471
749,18.725,0.21580439805984497
750,18.75,0.20923830568790436
751,18.775,0.21224062144756317
752,18.8,0.261813759803772
753,18.825,0.002672399627044797
754,18.85,0.002665165811777115
755,18.875,0.002659516641870141
756,18.9,0.00265544094145298
757,18.925,0.002646209206432104
758,18.95,0.0026406224351376295
759,18.975,0.0026330805849283934
760,19.0,0.002625995548442006
761,19.025,0.00261496240273118
762,19.05,0.002609468996524811
763,19.075,0.0026039984077215195
764,19.1,0.0025985417887568474
765,19.125,0.0025876802392303944
766,19.15,0.002582274843007326
767,19.175,0.0025768857449293137
768,19.2,0.0025715152733027935
769,19.225,0.0025608218275010586
770,19.25,0.17213836312294006
771,19.275,0.23814332485198975
772,19.3,0.21135851740837097
773,19.325,0.21408095955848694
774,19.35,0.26328980922698975
775,19.375,0.002679444383829832
776,19.4,0.0026755479630082846
777,19.425,0.002662911545485258
778,19.45,0.002659059129655361
779,19.475,0.0026535948272794485
780,19.5,0.0026501757092773914
781,19.525,0.0026393276639282703
782,19.55,0.0026319120079278946
783,19.575,0.0026265326887369156
784,19.6,0.0026211682707071304
785,19.625,0.002610493451356888
786,19.65,0.0026051774621009827
787,19.675,0.002599880564957857
788,19.7,0.002593016717582941
789,19.725,0.00258117588236928
790,19.75,0.0025788494385778904
791,19.775,0.002572061959654093
792,19.8,0.17719580233097076
793,19.825,0.276243656873703
794,19.85,0.20911410450935364
795,19.875,0.21238818764686584
796,19.9,0.2617860436439514
797,19.925,0.0026644861791282892
798,19.95,0.0026608137413859367
799,19.975,0.002659994177520275
800,20.0,0.0026501708198338747
801,20.025,0.002639591693878174
802,20.05,0.002634325297549367
803,20.075,0.0026290747337043285
804,20.1,0.00262219225987792
805,20.125,0.0026117777451872826
806,20.15,0.0026082301046699286
807,20.175,0.0026014219038188457
808,20.2,0.0025978998746722937
809,20.225,0.0025876332074403763
810,20.25,0.0025808983482420444
811,20.275,0.0025758047122508287
812,20.3,0.002570727840065956
813,20.325,0.0025622262619435787
814,20.35,0.1805577427148819
815,20.375,0.2205946445465088
816,20.4,0.209239199757576
817,20.425,0.2163260579109192
818,20.45,0.2654191553592682
819,20.475,0.0026769875548779964
820,20.5,0.0026753100100904703
821,20.525,0.0026613548398017883
822,20.55,0.0026561743579804897
823,20.575,0.0026525859721004963
824,20.6,0.0026458599604666233
825,20.625,0.00263910461217165
826,20.65,0.002633993048220873
827,20.675,0.0026277508586645126
828,20.7,0.0026191098149865866
829,20.725,0.002609007991850376
830,20.75,0.0026086540892720222
831,20.775,0.0026001762598752975
832,20.8,0.002593963174149394
833,20.825,0.0025840061716735363
834,20.85,0.002580622211098671
835,20.875,0.002575675491243601
836,20.9,0.1660962849855423
837,20.925,0.24857693910598755
838,20.95,0.20895729959011078
839,20.975,0.21242991089820862
840,21.0,0.26174643635749817
841,21.025,0.0026628191117197275
842,21.05,0.0026593790389597416
843,21.075,0.002656300086528063
844,21.1,0.0026476820930838585
845,21.125,0.0026376619935035706
846,21.15,0.00263267382979393
847,21.175,0.00262930104508996
848,21.2,0.0026227394118905067
849,21.225,0.002616393845528364
850,21.25,0.002607942558825016
851,21.275,0.0026034920010715723
852,21.3,0.00260165985673666
853,21.325,0.002588858362287283
854,21.35,0.002582394750788808
855,21.375,0.0025775611866265535
856,21.4,0.0025743485894054174
857,21.425,0.0025631412863731384
858,21.45,0.169778972864151
859,21.475,0.2519000470638275
860,21.5,0.20907987654209137
861,21.525,0.21225516498088837
862,21.55,0.25264114141464233
863,21.575,0.0026823109947144985
864,21.6,0.0026773414574563503
865,21.625,0.0026674435939639807
866,21.65,0.0026636736001819372
867,21.675,0.002657600212842226
868,21.7,0.0026526993606239557
869,21.725,0.0026429379358887672
870,21.75,0.0026380782946944237
871,21.775,0.002633230295032263
872,21.8,0.002623637206852436
873,21.825,0.002612406387925148
874,21.85,0.0026076235808432102
875,21.875,0.002602854510769248
876,21.9,0.0025980977807193995
877,21.925,0.0025886250659823418
878,21.95,0.0025855107232928276
879,21.975,0.0025808033533394337
880,22.0,0.16964785754680634
881,22.025,0.23052985966205597
882,22.05,0.20898348093032837
883,22.075,0.21244990825653076
884,22.1,0.2617701292037964
885,22.125,0.0026686640921980143
886,22.15,0.002665533684194088
887,22.175,0.002659039106220007
888,22.2,0.0026542458217591047
889,22.225,0.002644697669893503
890,22.25,0.002641053404659033
891,22.275,0.00263520167209208
892,22.3,0.0026304726488888264
893,22.325,0.0026210537180304527
894,22.35,0.002616363111883402
895,22.375,0.002611684612929821
896,22.4,0.002608671085909009
897,22.425,0.002597724786028266
898,22.45,0.002593096112832427
899,22.475,0.002582438988611102
900,22.5,0.002577846869826317
901,22.525,0.0025686966255307198
902,22.55,0.17245541512966156
903,22.575,0.21835355460643768
904,22.6,0.20909950137138367
905,22.625,0.21393272280693054
906,22.65,0.2635422646999359
907,22.675,0.002683596685528755
908,22.7,0.0026715812273323536
909,22.725,0.002662182319909334
910,22.75,0.002657501958310604
911,22.775,0.0026528325397521257
912,22.8,0.002648176159709692
913,22.825,0.0026389011181890965
914,22.85,0.0026342824567109346
915,22.875,0.0026296735741198063
916,22.9,0.002625078894197941
917,22.925,0.0026159242261201143
918,22.95,0.002611365169286728
919,22.975,0.0026068175211548805
920,23.0,0.0026022829115390778
921,23.025,0.0025932458229362965
922,23.05,0.0025887461379170418
923,23.075,0.002584256697446108
924,23.1,0.16186103224754333
925,23.125,0.28427016735076904
926,23.15,0.2090224325656891
927,23.175,0.21230216324329376
928,23.2,0.26175808906555176
929,23.225,0.0026712550316005945
930,23.25,0.002668157685548067
931,23.275,0.002662075450643897
932,23.3,0.0026575035881251097
933,23.325,0.0026483950205147266
934,23.35,0.002643858315423131
935,23.375,0.002637261990457773
936,23.4,0.0026272458489984274
937,23.425,0.002618280705064535
938,23.45,0.0026138140819966793
939,23.475,0.002609358634799719
940,23.5,0.002604916226118803
941,23.525,0.002596063306555152
942,23.55,0.002591653959825635
943,23.575,0.002587254624813795
944,23.6,0.002582868095487356
945,23.625,0.0025741280987858772
946,23.65,0.161912739276886
947,23.675,0.23667190968990326
948,23.7,0.23733124136924744
949,23.725,0.2149459421634674
950,23.75,0.252582848072052
951,23.775,0.0026831994764506817
952,23.8,0.0026777703315019608
953,23.825,0.0026719362940639257
954,23.85,0.002664308762177825
955,23.875,0.0026598437689244747
956,23.9,0.002655390650033951
957,23.925,0.0026445407420396805
958,23.95,0.00264434190467
959,23.975,0.0026399302296340466
960,24.0,0.002635527867823839
961,24.025,0.0026208774652332067
962,24.05,0.0026201624423265457
963,24.075,0.002615806646645069
964,24.1,0.002609514631330967
965,24.125,0.0026008659042418003
966,24.15,0.0025984984822571278
967,24.175,0.002594198565930128
968,24.2,0.16617336869239807
969,24.225,0.23077622056007385
970,24.25,0.2088540494441986
971,24.275,0.2121676206588745
972,24.3,0.2617676854133606
973,24.325,0.002673306968063116
974,24.35,0.0026647194754332304
975,24.375,0.0026594316586852074
976,24.4,0.0026559829711914062
977,24.425,0.0026446590200066566
978,24.45,0.0026440289802849293
979,24.475,0.0026397076435387135
980,24.5,0.0026334228459745646
981,24.525,0.002629029331728816
982,24.55,0.002622524742037058
983,24.575,0.0026145947631448507
984,24.6,0.002613995922729373
985,24.625,0.0026055085472762585
986,24.65,0.002605945337563753
987,24.675,0.0025970637798309326
988,24.7,0.002589230891317129
989,24.725,0.0025825360789895058
990,24.75,0.17746959626674652
991,24.775,0.27633360028266907
992,24.8,0.22101286053657532
993,24.825,0.22365786135196686
994,24.85,0.0026470364537090063
995,24.875,0.0026407327968627214
996,24.9,0.002636489924043417
997,24.925,0.002632355550304055
998,24.95,0.0026238192804157734
999,24.975,0.002616308629512787
1000,25.0,0.002613647375255823
1001,25.025,0.0026348037645220757
1002,25.05,0.002525916788727045
1003,25.075,0.002566454466432333
1004,25.1,0.0025139842182397842
1005,25.125,0.002576804254204035
1006,25.15,0.0025177551433444023
1007,25.175,0.002566454466432333
1008,25.2,0.002513984451070428
1009,25.225,0.002576804254204035
1010,25.25,0.002517755376175046
1011,25.275,0.002566454466432333
1012,25.3,0.17015060782432556
1013,25.325,0.24682395160198212
1014,25.35,0.20793040096759796
1015,25.375,0.2107061892747879
1016,25.4,0.26573020219802856
1017,25.425,0.0026986240409314632
1018,25.45,0.002653308678418398
1019,25.475,0.0026922503020614386
1020,25.5,0.0026262588798999786
1021,25.525,0.0026986240409314632
1022,25.55,0.0026213545352220535
1023,25.575,0.002629370428621769
1024,25.6,0.0025252411141991615
1025,25.625,0.002576804021373391
1026,25.65,0.0025177551433444023
1027,25.675,0.002566454466432333
1028,25.7,0.0025139842182397842
1029,25.725,0.002576804021373391
1030,25.75,0.0025149870198220015
1031,25.775,0.002566454466432333
1032,25.8,0.0025139846839010715
1033,25.825,0.0025768037885427475
1034,25.85,0.16749241948127747
1035,25.875,0.27188628911972046
1036,25.9,0.20952335000038147
1037,25.925,0.2129514515399933
1038,25.95,0.2522009313106537
1039,25.975,0.0026615329552441835
1040,26.0,0.002643984043970704
1041,26.025,0.0026976619847118855
1042,26.05,0.002631162293255329
1043,26.075,0.00266153272241354
1044,26.1,0.0026177691761404276
1045,26.125,0.0026364000514149666
1046,26.15,0.0025299768894910812
1047,26.175,0.0025454331189393997
1048,26.2,0.0025140936486423016
1049,26.225,0.0025786233600229025
1050,26.25,0.0025211896281689405
1051,26.275,0.0025454331189393997
1052,26.3,0.0025122351944446564
1053,26.325,0.002578623127192259
1054,26.35,0.0025210182648152113
1055,26.375,0.0025454326532781124
1056,26.4,0.1775914579629898
1057,26.425,0.2748434543609619
1058,26.45,0.20834746956825256
1059,26.475,0.21081231534481049
1060,26.5,0.2529821991920471
1061,26.525,0.0027004890143871307
1062,26.55,0.002655554097145796
1063,26.575,0.0026707651559263468
1064,26.6,0.0026240975130349398
1065,26.625,0.0027004890143871307
1066,26.65,0.00262887729331851
1067,26.675,0.0026081728283315897
1068,26.7,0.002522649010643363
1069,26.725,0.0025786233600229025
1070,26.75,0.002516794251278043
1071,26.775,0.0025454331189393997
1072,26.8,0.0025122356601059437
1073,26.825,0.002578623127192259
1074,26.85,0.0025203037075698376
1075,26.875,0.0025454326532781124
1076,26.9,0.0025140936486423016
1077,26.925,0.0025786233600229025
1078,26.95,0.18097123503684998
1079,26.975,0.275175005197525
1080,27.0,0.22170372307300568
1081,27.025,0.228120356798172
1082,27.05,0.0025919475592672825
1083,27.075,0.002629663795232773
1084,27.1,0.0026015741750597954
1085,27.125,0.0026423735544085503
1086,27.15,0.0025919475592672825
1087,27.175,0.002629663795232773
1088,27.2,0.0025718812830746174
1089,27.225,0.0025818380527198315
1090,27.25,0.0024835895746946335
1091,27.275,0.002525711664929986
1092,27.3,0.0024686921387910843
1093,27.325,0.0025250092148780823
1094,27.35,0.002475608140230179
1095,27.375,0.0025257114320993423
1096,27.4,0.0024686921387910843
1097,27.425,0.0025250092148780823
1098,27.45,0.0024757585488259792
1099,27.475,0.0025257114320993423
1100,27.5,0.0024715797044336796
1101,27.525,0.2750960886478424
1102,27.55,0.20921890437602997
1103,27.575,0.2108595371246338
1104,27.6,0.2532625198364258
1105,27.625,0.0026457051280885935
1106,27.65,0.0026169661432504654
1107,27.675,0.0026392810977995396
1108,27.7,0.0025805202312767506
1109,27.725,0.0026457051280885935
1110,27.75,0.002591141266748309
1111,27.775,0.0025882278569042683
1112,27.8,0.0024794768542051315
1113,27.825,0.0025250092148780823
1114,27.85,0.0024757585488259792
1115,27.875,0.002525711664929986
1116,27.9,0.00247001089155674
1117,27.925,0.002525008749216795
1118,27.95,0.0024757585488259792
1119,27.975,0.002525711664929986
1120,28.0,0.0024686921387910843
1121,28.025,0.0025250092148780823
1122,28.05,0.0024757585488259792
1123,28.075,0.2212744951248169
1124,28.1,0.21010665595531464
1125,28.125,0.2161770612001419
1126,28.15,0.2650032937526703
1127,28.175,0.002627907320857048
1128,28.2,0.002595408819615841
1129,28.225,0.002642872044816613
1130,28.25,0.0025861221365630627
1131,28.275,0.002627907320857048
1132,28.3,0.0025719155091792345
1133,28.325,0.0025812992826104164
1134,28.35,0.0024914119858294725
1135,28.375,0.0025108479894697666
1136,28.4,0.0024701645597815514
1137,28.425,0.0025165886618196964
1138,28.45,0.002483829390257597
1139,28.475,0.002511921338737011
1140,28.5,0.0024701645597815514
1141,28.525,0.0025165886618196964
1142,28.55,0.0024838298559188843
1143,28.575,0.0025119211059063673
1144,28.6,0.0024701645597815514
1145,28.625,0.2752862572669983
1146,28.65,0.2090628743171692
1147,28.675,0.21089699864387512
1148,28.7,0.2660410404205322
1149,28.725,0.00264634657651186
1150,28.75,0.0026100100949406624
1151,28.775,0.0026374952867627144
1152,28.8,0.0025795907713472843
1153,28.825,0.0026463461108505726
1154,28.85,0.0025838559959083796
1155,28.875,0.0025752477813512087
1156,28.9,0.00247958954423666
1157,28.925,0.0025165884289890528
1158,28.95,0.0024844948202371597
1159,28.975,0.002511921338737011
1160,29.0,0.0024701645597815514
1161,29.025,0.002516702748835087
1162,29.05,0.0024838296230882406
1163,29.075,0.002511921338737011
1164,29.1,0.0024701645597815514
1165,29.125,0.002516702748835087
1166,29.15,0.0024844948202371597
1167,29.175,0.25544819235801697
1168,29.2,0.2098941206932068
1169,29.225,0.21334746479988098
1170,29.25,0.2957201600074768
1171,29.275,0.002609045710414648
1172,29.3,0.0025990023277699947
1173,29.325,0.0026455840561538935
1174,29.35,0.0026002891827374697
1175,29.375,0.002609045710414648
1176,29.4,0.002575046382844448
1177,29.425,0.002576100639998913
1178,29.45,0.0025055385194718838
1179,29.475,0.0024857553653419018
1180,29.5,0.0024773599579930305
1181,29.525,0.0025201188400387764
1182,29.55,0.002497620414942503
1183,29.575,0.0024857553653419018
1184,29.6,0.0024755452759563923
1185,29.625,0.00252011907286942
1186,29.65,0.002497620414942503
1187,29.675,0.0024857555981725454
1188,29.7,0.002477359725162387
1189,29.725,0.2753888666629791
1190,29.75,0.20884637534618378
1191,29.775,0.21097785234451294
1192,29.8,0.25332555174827576
1193,29.825,0.0026472769677639008
1194,29.85,0.00262464489787817
1195,29.875,0.002618732862174511
1196,29.9,0.002580743283033371
1197,29.925,0.0026493952609598637
1198,29.95,0.002598478924483061
1199,29.975,0.0025470757391303778
1200,30.0,0.002486905548721552
1201,30.025,0.0024928166531026363
1202,30.05,0.00243677431717515
1203,30.075,0.0024214789737015963
1204,30.1,0.00239096418954432
1205,30.125,0.0024334474001079798
1206,30.15,0.0024306378327310085
1207,30.175,0.0024214787408709526
1208,30.2,0.0023909644223749638
1209,30.225,0.002433447167277336
1210,30.25,0.0024306378327310085
1211,30.275,0.23941780626773834
1212,30.3,0.2389596402645111
1213,30.325,0.21660764515399933
1214,30.35,0.2449551522731781
1215,30.375,0.002525193151086569
1216,30.4,0.002512156730517745
1217,30.425,0.0025502429343760014
1218,30.45,0.002603312022984028
1219,30.475,0.002525193151086569
1220,30.5,0.002512156730517745
1221,30.525,0.002550242468714714
1222,30.55,0.0025655869394540787
1223,30.575,0.0024629421532154083
1224,30.6,0.002418662654235959
1225,30.625,0.002432145643979311
1226,30.65,0.002466535195708275
1227,30.675,0.0024036262184381485
1228,30.7,0.0024093796964734793
1229,30.725,0.002432145643979311
1230,30.75,0.002466535195708275
1231,30.775,0.002403625985607505
1232,30.8,0.002409379929304123
1233,30.825,0.27568697929382324
1234,30.85,0.20779013633728027
1235,30.875,0.2118433266878128
1236,30.9,0.2537270188331604
1237,30.925,0.0025502429343760014
1238,30.95,0.002600142266601324
1239,30.975,0.002525193151086569
1240,31.0,0.0025121569633483887
1241,31.025,0.0025502429343760014
1242,31.05,0.0025972225703299046
1243,31.075,0.002525193151086569
1244,31.1,0.002482254058122635
1245,31.125,0.002489484380930662
1246,31.15,0.0024890133645385504
1247,31.175,0.002431375440210104
1248,31.2,0.002382260747253895
1249,31.225,0.0024313991889357567
1250,31.25,0.0024708707351237535
1251,31.275,0.002431375440210104
1252,31.3,0.002382260747253895
1253,31.325,0.0024313994217664003
1254,31.35,0.002474838402122259
1255,31.375,0.27300310134887695
1256,31.4,0.21090395748615265
1257,31.425,0.21460357308387756
1258,31.45,0.251880943775177
1259,31.475,0.002525193151086569
1260,31.5,0.0025121564976871014
1261,31.525,0.0025502427015453577
1262,31.55,0.0026001420337706804
1263,31.575,0.002525193151086569
1264,31.6,0.0025121569633483887
1265,31.625,0.0025502427015453577
1266,31.65,0.0025678956881165504
1267,31.675,0.0024629421532154083
1268,31.7,0.002416219562292099
1269,31.725,0.002432145643979311
1270,31.75,0.002466535195708275
1271,31.775,0.002403625752776861
1272,31.8,0.0024069277569651604
1273,31.825,0.0024321454111486673
1274,31.85,0.002466535195708275
1275,31.875,0.002403625752776861
1276,31.9,0.002406927989795804
1277,31.925,0.27568697929382324
1278,31.95,0.20793625712394714
1279,31.975,0.2118433266878128
1280,32.0,0.26266855001449585
1281,32.025,0.0025502429343760014
1282,32.05,0.0025945529341697693
1283,32.075,0.002525193151086569
1284,32.1,0.0025095059536397457
1285,32.125,0.0025502429343760014
1286,32.15,0.0025921333581209183
1287,32.175,0.0025251933839172125
1288,32.2,0.0024872510693967342
1289,32.225,0.002489484380930662
1290,32.25,0.0024967477656900883
1291,32.275,0.0024249693378806114
1292,32.3,0.0023881769739091396
1293,32.325,0.0024329936131834984
1294,32.35,0.0024855462834239006
1295,32.375,0.0024249691050499678
1296,32.4,0.0023881769739091396
1297,32.425,0.0024329940788447857
1298,32.45,0.002484262455254793
1299,32.475,0.27632415294647217
1300,32.5,0.21240687370300293
1301,32.525,0.21391728520393372
1302,32.55,0.24553200602531433
1303,32.575,0.0025366912595927715
1304,32.6,0.002514986786991358
1305,32.625,0.0025455402210354805
1306,32.65,0.002594651887193322
1307,32.675,0.002536691492423415
1308,32.7,0.0025119176134467125
1309,32.725,0.0025455402210354805
1310,32.75,0.0025631501339375973
1311,32.775,0.00247530872002244
1312,32.8,0.0024172477424144745
1313,32.825,0.0024161299224942923
1314,32.85,0.0024763112887740135
1315,32.875,0.0024149026721715927
1316,32.9,0.0024079489521682262
1317,32.925,0.0024203015491366386
1318,32.95,0.002483973978087306
1319,32.975,0.0024149026721715927
1320,33.0,0.0024052117951214314
1321,33.025,0.2756946384906769
1322,33.05,0.20784664154052734
1323,33.075,0.21173402667045593
1324,33.1,0.25361526012420654
1325,33.125,0.0025455402210354805
1326,33.15,0.0025975247845053673
1327,33.175,0.002536691492423415
1328,33.2,0.0025119176134467125
1329,33.225,0.002545540453866124
1330,33.25,0.0025946523528546095
1331,33.275,0.002536691492423415
1332,33.3,0.0024871323257684708
1333,33.325,0.002482789568603039
1334,33.35,0.0025462834164500237
1335,33.375,0.0024536626879125834
1336,33.4,0.0024293935857713223
1337,33.425,0.002482789568603039
1338,33.45,0.0025424903724342585
1339,33.475,0.002453662920743227
1340,33.5,0.0024293935857713223
1341,33.525,0.002482789568603039
1342,33.55,0.002546283882111311
1343,33.575,0.22279727458953857
1344,33.6,0.21010428667068481
1345,33.625,0.21707375347614288
1346,33.65,0.2645066976547241
1347,33.675,0.002554643666371703
1348,33.7,0.002547500655055046
1349,33.725,0.002597769722342491
1350,33.75,0.0026607795152813196
1351,33.775,0.002554643899202347
1352,33.8,0.002547500655055046
1353,33.825,0.002597769955173135
1354,33.85,0.002625303575769067
1355,33.875,0.0024931062944233418
1356,33.9,0.002455049892887473
1357,33.925,0.002466122154146433
1358,33.95,0.002504343632608652
1359,33.975,0.0024324930272996426
1360,34.0,0.0024454256054013968
1361,34.025,0.0024661219213157892
1362,34.05,0.0025068088434636593
1363,34.075,0.0024324930272996426
1364,34.1,0.0024457243271172047
1365,34.125,0.2755327820777893
1366,34.15,0.2075754702091217
1367,34.175,0.21165549755096436
1368,34.2,0.25347405672073364
1369,34.225,0.002597769722342491
1370,34.25,0.0026425770483911037
1371,34.275,0.002554643899202347
1372,34.3,0.002550441073253751
1373,34.325,0.002597769722342491
1374,34.35,0.0026425770483911037
1375,34.375,0.002554643666371703
1376,34.4,0.0025256311055272818
1377,34.425,0.00253657647408545
1378,34.45,0.0025660700630396605
1379,34.475,0.0024536740966141224
1380,34.5,0.0024288895074278116
1381,34.525,0.00247948057949543
1382,34.55,0.002552554477006197
1383,34.575,0.0024536738637834787
1384,34.6,0.0024288897402584553
1385,34.625,0.0024794801138341427
1386,34.65,0.0025565510150045156
1387,34.675,0.2761192321777344
1388,34.7,0.22217530012130737
1389,34.725,0.22170397639274597
1390,34.75,0.0026322398334741592
1391,34.775,0.0025379532016813755
1392,34.8,0.0025113914161920547
1393,34.825,0.0025421888567507267
1394,34.85,0.002637074328958988
1395,34.875,0.0025391890667378902
1396,34.9,0.0025145704858005047
1397,34.925,0.0025421888567507267
1398,34.95,0.0025999126955866814
1399,34.975,0.0024752116296440363
1400,35.0,0.002416802104562521
1401,35.025,0.002421807497739792
1402,35.05,0.002473898231983185
1403,35.075,0.002414835849776864
1404,35.1,0.0024075242690742016
1405,35.125,0.0024218070320785046
1406,35.15,0.002474968321621418
1407,35.175,0.002414835849776864
1408,35.2,0.002407524036243558
1409,35.225,0.27564311027526855
1410,35.25,0.2079443633556366
1411,35.275,0.21175381541252136
1412,35.3,0.253589391708374
1413,35.325,0.0025421890895813704
1414,35.35,0.0026322402991354465
1415,35.375,0.002538538770750165
1416,35.4,0.0025113914161920547
1417,35.425,0.0025421888567507267
1418,35.45,0.002637074328958988
1419,35.475,0.0025391890667378902
1420,35.5,0.0024906254839152098
1421,35.525,0.002475584391504526
1422,35.55,0.0024451902136206627
1423,35.575,0.0024325165431946516
1424,35.6,0.0023892554454505444
1425,35.625,0.0024253209121525288
1426,35.65,0.0024389270693063736
1427,35.675,0.0024325165431946516
1428,35.7,0.002389254979789257
1429,35.725,0.0024253209121525288
1430,35.75,0.002439009491354227
1431,35.775,0.27622509002685547
1432,35.8,0.21246880292892456
1433,35.825,0.21423375606536865
1434,35.85,0.24578949809074402
1435,35.875,0.0025539782363921404
1436,35.9,0.002509361132979393
1437,35.925,0.002546012867242098
1438,35.95,0.0025358223356306553
1439,35.975,0.002553978469222784
1440,36.0,0.0025114042218774557
1441,36.025,0.002546012867242098
1442,36.05,0.0025102312210947275
1443,36.075,0.002492759842425585
1444,36.1,0.002415123162791133
1445,36.125,0.0024276827462017536
1446,36.15,0.002410049317404628
1447,36.175,0.002423034980893135
1448,36.2,0.0024077726993709803
1449,36.225,0.0024276827462017536
1450,36.25,0.0024100495502352715
1451,36.275,0.002423034980893135
1452,36.3,0.002407772932201624
1453,36.325,0.27548232674598694
1454,36.35,0.2096807360649109
1455,36.375,0.2116323709487915
1456,36.4,0.2534937262535095
1457,36.425,0.002546012867242098
1458,36.45,0.002535151783376932
1459,36.475,0.0025539782363921404
1460,36.5,0.002511403989046812
1461,36.525,0.002546012867242098
1462,36.55,0.0025358221028000116
1463,36.575,0.0025539782363921404
1464,36.6,0.0024862871505320072
1465,36.625,0.002484977012500167
1466,36.65,0.0024433424696326256
1467,36.675,0.0024591279216110706
1468,36.7,0.0023875623010098934
1469,36.725,0.0024289139546453953
1470,36.75,0.0024238377809524536
1471,36.775,0.0024591279216110706
1472,36.8,0.0023875623010098934
1473,36.825,0.0024289139546453953
1474,36.85,0.0024273069575428963
1475,36.875,0.2726883590221405
1476,36.9,0.21018901467323303
1477,36.925,0.21453125774860382
1478,36.95,0.2521638870239258
1479,36.975,0.002553978469222784
1480,37.0,0.0025093609001487494
1481,37.025,0.002546012867242098
1482,37.05,0.002535151783376932
1483,37.075,0.0025539782363921404
1484,37.1,0.002511403989046812
1485,37.125,0.002546012867242098
1486,37.15,0.0025102312210947275
1487,37.175,0.002492759842425585
1488,37.2,0.0024151233956217766
1489,37.225,0.0024276827462017536
1490,37.25,0.002410049084573984
1491,37.275,0.002423034980893135
1492,37.3,0.0024077726993709803
1493,37.325,0.0024276827462017536
1494,37.35,0.0024100495502352715
1495,37.375,0.0024230352137237787
1496,37.4,0.0024077726993709803
1497,37.425,0.27548232674598694
1498,37.45,0.20968075096607208
1499,37.475,0.2116323858499527
1500,37.5,0.26619526743888855
1501,37.525,0.1790694296360016
1502,37.55,0.0025358223356306553
1503,37.575,0.002553978469222784
1504,37.6,0.0025093609001487494
1505,37.625,0.002546012867242098
1506,37.65,0.0025351522490382195
1507,37.675,0.0025539780035614967
1508,37.7,0.002494382206350565
1509,37.725,0.002483474090695381
1510,37.75,0.0024746665731072426
1511,37.775,0.0024710618890821934
1512,37.8,0.002436261158436537
1513,37.825,0.002483474090695381
1514,37.85,0.002474666340276599
1515,37.875,0.0024710618890821934
1516,37.9,0.0024333493784070015
1517,37.925,0.0024834738578647375
1518,37.95,0.0024746665731072426
1519,37.975,0.21947531402111053
1520,38.0,0.2095840573310852
1521,38.025,0.21617341041564941
1522,38.05,0.2613788843154907
1523,38.075,0.2139027863740921
1524,38.1,0.002555408049374819
1525,38.125,0.002600077074021101
1526,38.15,0.0025823423638939857
1527,38.175,0.002572738565504551
1528,38.2,0.002555408049374819
1529,38.225,0.002600077074021101
1530,38.25,0.002557646483182907
1531,38.275,0.0025113653391599655
1532,38.3,0.002455515321344137
1533,38.325,0.0024795327335596085
1534,38.35,0.002458875998854637
1535,38.375,0.002441252814605832
1536,38.4,0.0024405638687312603
1537,38.425,0.002479532966390252
1538,38.45,0.002458875998854637
1539,38.475,0.0024412525817751884
1540,38.5,0.002440564101561904
1541,38.525,0.2753039598464966
1542,38.55,0.20918524265289307
1543,38.575,0.21154546737670898
1544,38.6,0.25335371494293213
1545,38.625,0.22367528080940247
1546,38.65,0.002582789398729801
1547,38.675,0.0025727390311658382
1548,38.7,0.002552743535488844
1549,38.725,0.0026000773068517447
1550,38.75,0.0025834867265075445
1551,38.775,0.0025727387983351946
1552,38.8,0.002525235526263714
1553,38.825,0.00253843842074275
1554,38.85,0.002495145658031106
1555,38.875,0.0024711652658879757
1556,38.9,0.0024333540350198746
1557,38.925,0.002481620293110609
1558,38.95,0.0024890615604817867
1559,38.975,0.0024711652658879757
1560,39.0,0.0024333540350198746
1561,39.025,0.0024816200602799654
1562,39.05,0.0024890615604817867
1563,39.075,0.27540427446365356
1564,39.1,0.22175060212612152
1565,39.125,0.2123582363128662
1566,39.15,0.002554557053372264
1567,39.175,0.0025540117640048265
1568,39.2,0.0025191064924001694
1569,39.225,0.0025441176258027554
1570,39.25,0.0025566895492374897
1571,39.275,0.0025540117640048265
1572,39.3,0.0025191064924001694
1573,39.325,0.0025441176258027554
1574,39.35,0.0025293852668255568
1575,39.375,0.0024927547201514244
1576,39.4,0.002416386269032955
1577,39.425,0.0024258603807538748
1578,39.45,0.002422078512609005
1579,39.475,0.0024226107634603977
1580,39.5,0.002407112391665578
1581,39.525,0.0024258603807538748
1582,39.55,0.002423764206469059
1583,39.575,0.002422856632620096
1584,39.6,0.0024099191650748253
1585,39.625,0.2755014896392822
1586,39.65,0.2096177637577057
1587,39.675,0.21166549623012543
1588,39.7,0.2624601125717163
1589,39.725,0.21730218827724457
1590,39.75,0.0025545568205416203
1591,39.775,0.0025540117640048265
1592,39.8,0.0025222680997103453
1593,39.825,0.0025441176258027554
1594,39.85,0.0025545568205416203
1595,39.875,0.00255401199683547
1596,39.9,0.002494574524462223
1597,39.925,0.002481620293110609
1598,39.95,0.002490873448550701
1599,39.975,0.0024711652658879757
1600,40.0,0.0024305740371346474
1601,40.025,0.002481620293110609
1602,40.05,0.0024890617933124304
1603,40.075,0.0024711652658879757
1604,40.1,0.002433353802189231
1605,40.125,0.002481620293110609
1606,40.15,0.002490873681381345
1607,40.175,0.272503137588501
1608,40.2,0.20951327681541443
1609,40.225,0.21405935287475586
1610,40.25,0.2518329918384552
1611,40.275,0.2233729064464569
1612,40.3,0.0025638830848038197
1613,40.325,0.0026003324892371893
1614,40.35,0.0026032263413071632
1615,40.375,0.0025666970759630203
1616,40.4,0.0025610318407416344
1617,40.425,0.0026003324892371893
1618,40.45,0.0025774561800062656
1619,40.475,0.002505381591618061
1620,40.5,0.002459700219333172
1621,40.525,0.0024758465588092804
1622,40.55,0.0024772915057837963
1623,40.575,0.00243532657623291
1624,40.6,0.002447881270200014
1625,40.625,0.002477664966136217
1626,40.65,0.0024751245509833097
1627,40.675,0.00243532657623291
1628,40.7,0.0024478810373693705
1629,40.725,0.2753306031227112
1630,40.75,0.2091612070798874
1631,40.775,0.21159601211547852
1632,40.8,0.2623218297958374
1633,40.825,0.22306841611862183
1634,40.85,0.0026032263413071632
1635,40.875,0.0025666970759630203
1636,40.9,0.0025610318407416344
1637,40.925,0.0026003322564065456
1638,40.95,0.002603226574137807
1639,40.975,0.0025666970759630203
1640,41.0,0.002533506602048874
1641,41.025,0.0025362945161759853
1642,41.05,0.0025098694022744894
1643,41.075,0.0024448083713650703
1644,41.1,0.002434513997286558
1645,41.125,0.002476257737725973
1646,41.15,0.002503433730453253
1647,41.175,0.0024448083713650703
1648,41.2,0.002434514230117202
1649,41.225,0.002476257737725973
1650,41.25,0.002503433730453253
1651,41.275,0.2221408188343048
1652,41.3,0.20945921540260315
1653,41.325,0.21376478672027588
1654,41.35,0.24896907806396484
1655,41.375,0.23074083030223846
1656,41.4,0.0025643426924943924
1657,41.425,0.002594863763079047
1658,41.45,0.0026032349560409784
1659,41.475,0.0025458557065576315
1660,41.5,0.0025593885220587254
1661,41.525,0.0025948635302484035
1662,41.55,0.002577864332124591
1663,41.575,0.0024845758453011513
1664,41.6,0.002465928439050913
1665,41.625,0.00247591664083302
1666,41.65,0.002476557157933712
1667,41.675,0.0024240475613623857
1668,41.7,0.002454333007335663
1669,41.725,0.0024759164080023766
1670,41.75,0.0024763017427176237
1671,41.775,0.0024240475613623857
1672,41.8,0.0024561434984207153
1673,41.825,0.21425077319145203
1674,41.85,0.20915770530700684
1675,41.875,0.21176867187023163
1676,41.9,0.26237064599990845
1677,41.925,0.22931422293186188
1678,41.95,0.0026032349560409784
1679,41.975,0.002545855939388275
1680,42.0,0.0025617405772209167
1681,42.025,0.002594863995909691
1682,42.05,0.002603235188871622
1683,42.075,0.0025458557065576315
1684,42.1,0.002529159188270569
1685,42.125,0.0025338120758533478
1686,42.15,0.0025061466731131077
1687,42.175,0.0024507618509233
1688,42.2,0.0024290471337735653
1689,42.225,0.0024769736919552088
1690,42.25,0.0024861006531864405
1691,42.275,0.0024507618509233
1692,42.3,0.002429046668112278
1693,42.325,0.0024769736919552088
1694,42.35,0.0024861006531864405
1695,42.375,0.27613821625709534
1696,42.4,0.23853562772274017
1697,42.425,0.21628335118293762
1698,42.45,0.2515294849872589
1699,42.475,0.22253656387329102
1700,42.5,0.0025503383949398994
1701,42.525,0.0025946053210645914
1702,42.55,0.002660936675965786
1703,42.575,0.002554045058786869
1704,42.6,0.0025503383949398994
1705,42.625,0.0025946053210645914
1706,42.65,0.002640985883772373
1707,42.675,0.0024933693930506706
1708,42.7,0.002453878987580538
1709,42.725,0.0024637612514197826
1710,42.75,0.002532075857743621
1711,42.775,0.0024327863939106464
1712,42.8,0.002441581804305315
1713,42.825,0.002463761018589139
1714,42.85,0.0025320756249129772
1715,42.875,0.0024327868595719337
1716,42.9,0.002441766206175089
1717,42.925,0.21425867080688477
1718,42.95,0.20738141238689423
1719,42.975,0.21164192259311676
1720,43.0,0.262422651052475
1721,43.025,0.21693816781044006
1722,43.05,0.002668891567736864
1723,43.075,0.002554364502429962
1724,43.1,0.002550338162109256
1725,43.125,0.0025946057867258787
1726,43.15,0.002664789091795683
1727,43.175,0.002554045058786869
1728,43.2,0.0025195134803652763
1729,43.225,0.002531397622078657
1730,43.25,0.0026071828324347734
1731,43.275,0.002472060266882181
1732,43.3,0.002464346121996641
1733,43.325,0.002531397622078657
1734,43.35,0.0026071832980960608
1735,43.375,0.002472060266882181
1736,43.4,0.002464346354827285
1737,43.425,0.002531397622078657
1738,43.45,0.0026164790615439415
1739,43.475,0.2760325074195862
1740,43.5,0.22185629606246948
1741,43.525,0.20655497908592224
1742,43.55,0.23218083381652832
1743,43.575,0.0025539840571582317
1744,43.6,0.002550337929278612
1745,43.625,0.002594605553895235
1746,43.65,0.002660936675965786
1747,43.675,0.0025539882481098175
1748,43.7,0.0025503383949398994
1749,43.725,0.002594605553895235
1750,43.75,0.002640985883772373
1751,43.775,0.0024933696258813143
1752,43.8,0.0024540573358535767
1753,43.825,0.0024637612514197826
1754,43.85,0.0025320756249129772
1755,43.875,0.0024327868595719337
1756,43.9,0.00244458531960845
1757,43.925,0.0024637612514197826
1758,43.95,0.0025320756249129772
1759,43.975,0.0024327868595719337
1760,44.0,0.002444760873913765
1761,44.025,0.21425867080688477
1762,44.05,0.20733414590358734
1763,44.075,0.21164585649967194
1764,44.1,0.2624339461326599
1765,44.125,0.2197769582271576
1766,44.15,0.0026647893246263266
1767,44.175,0.002554045058786869
1768,44.2,0.002550337929278612
1769,44.225,0.0025946053210645914
1770,44.25,0.0026688913349062204
1771,44.275,0.002554364502429962
1772,44.3,0.0025195132475346327
1773,44.325,0.002541540190577507
1774,44.35,0.002564395312219858
1775,44.375,0.002443090546876192
1776,44.4,0.002424330683425069
1777,44.425,0.002481358125805855
1778,44.45,0.00255744531750679
1779,44.475,0.0024430907797068357
1780,44.5,0.0024273276794701815
1781,44.525,0.002481358591467142
1782,44.55,0.00256472360342741
1783,44.575,0.2213389277458191
1784,44.6,0.21190506219863892
1785,44.625,0.21367007493972778
1786,44.65,0.2622268795967102
1787,44.675,0.21580129861831665
1788,44.7,0.0025472883135080338
1789,44.725,0.002594605553895235
1790,44.75,0.0026732436381280422
1791,44.775,0.002554045058786869
1792,44.8,0.00254728808067739
1793,44.825,0.0025946053210645914
1794,44.85,0.002633253112435341
1795,44.875,0.0024933693930506706
1796,44.9,0.002453878987580538
1797,44.925,0.0024637607857584953
1798,44.95,0.0025272369384765625
1799,44.975,0.00243278662674129
1800,45.0,0.00244458531960845
1801,45.025,0.002465438097715378
1802,45.05,0.002532075857743621
1803,45.075,0.0024327868595719337
1804,45.1,0.00244458531960845
1805,45.125,0.2214398980140686
1806,45.15,0.20737022161483765
1807,45.175,0.21164986491203308
1808,45.2,0.2624226212501526
1809,45.225,0.19805170595645905
1810,45.25,0.002668891567736864
1811,45.275,0.002554045058786869
1812,45.3,0.0025503383949398994
1813,45.325,0.002594605553895235
1814,45.35,0.002664789091795683
1815,45.375,0.0025540452916175127
1816,45.4,0.002524598501622677
1817,45.425,0.0025358381681144238
1818,45.45,0.0025666526053100824
1819,45.475,0.0024536740966141224
1820,45.5,0.0024288897402584553
1821,45.525,0.0024794801138341427
1822,45.55,0.0025500645861029625
1823,45.575,0.0024536740966141224
1824,45.6,0.002428889274597168
1825,45.625,0.0024794803466647863
1826,45.65,0.0025500645861029625
1827,45.675,0.29229259490966797
1828,45.7,0.20992623269557953
1829,45.725,0.2143295407295227
1830,45.75,0.25152912735939026
1831,45.775,0.15703213214874268
1832,45.8,0.0025553288869559765
1833,45.825,0.002599598839879036
1834,45.85,0.0026716208085417747
1835,45.875,0.0025483889039605856
1836,45.9,0.0025584474205970764
1837,45.925,0.002599598839879036
1838,45.95,0.002643933054059744
1839,45.975,0.002486908808350563
1840,46.0,0.0024562058970332146
1841,46.025,0.0024654376320540905
1842,46.05,0.002535112900659442
1843,46.075,0.0024264140520244837
1844,46.1,0.0024496898986399174
1845,46.125,0.002465438097715378
1846,46.15,0.002532948274165392
1847,46.175,0.00242641381919384
1848,46.2,0.0024527525529265404
1849,46.225,0.2755335569381714
1850,46.25,0.20724868774414062
1851,46.275,0.21172484755516052
1852,46.3,0.26242464780807495
1853,46.325,0.21924862265586853
1854,46.35,0.0026756776496767998
1855,46.375,0.0025483889039605856
1856,46.4,0.0025553288869559765
1857,46.425,0.002599598839879036
1858,46.45,0.002676941454410553
1859,46.475,0.0025483891367912292
1860,46.5,0.0025223044212907553
1861,46.525,0.0025383480824530125
1862,46.55,0.002568804193288088
1863,46.575,0.0024536738637834787
1864,46.6,0.002428889274597168
1865,46.625,0.0024794801138341427
1866,46.65,0.0025433041155338287
1867,46.675,0.0024536740966141224
1868,46.7,0.002428889274597168
1869,46.725,0.002479479881003499
1870,46.75,0.00254655908793211
1871,46.775,0.22276714444160461
1872,46.8,0.20992623269557953
1873,46.825,0.21709439158439636
1874,46.85,0.2610011398792267
1875,46.875,0.12742507457733154
1876,46.9,0.00254728808067739
1877,46.925,0.0025946057867258787
1878,46.95,0.002664789091795683
1879,46.975,0.002554172184318304
1880,47.0,0.00254728808067739
1881,47.025,0.0025946057867258787
1882,47.05,0.0026409856509417295
1883,47.075,0.0024933693930506706
1884,47.1,0.0024508838541805744
1885,47.125,0.0024654376320540905
1886,47.15,0.002532075857743621
1887,47.175,0.00243278662674129
1888,47.2,0.00244458531960845
1889,47.225,0.002463761018589139
1890,47.25,0.0025320756249129772
1891,47.275,0.0024327868595719337
1892,47.3,0.002444760873913765
1893,47.325,0.2214398980140686
1894,47.35,0.20733413100242615
1895,47.375,0.21164585649967194
1896,47.4,0.2624226212501526
1897,47.425,0.1700565367937088
1898,47.45,0.0026732436381280422
1899,47.475,0.002554172184318304
1900,47.5,0.0025503383949398994
1901,47.525,0.0025946053210645914
1902,47.55,0.0026688913349062204
1903,47.575,0.0025546220131218433
1904,47.6,0.002522452734410763
1905,47.625,0.0025311587378382683
1906,47.65,0.0025702123530209064
1907,47.675,0.002454156056046486
1908,47.7,0.0024290329311043024
1909,47.725,0.002476358786225319
1910,47.75,0.002566148526966572
1911,47.775,0.002454156056046486
1912,47.8,0.0024290326982736588
1913,47.825,0.0024763585533946753
1914,47.85,0.002566148526966572
1915,47.875,0.22119730710983276
1916,47.9,0.22209787368774414
1917,47.925,0.19768688082695007
1918,47.95,0.22418010234832764
1919,47.975,0.002539526205509901
1920,48.0,0.002514800988137722
1921,48.025,0.0025390256196260452
1922,48.05,0.002640673890709877
1923,48.075,0.0025388801004737616
1924,48.1,0.0025148012209683657
1925,48.125,0.0025390256196260452
1926,48.15,0.002608145819976926
1927,48.175,0.002475585089996457
1928,48.2,0.002420201664790511
1929,48.225,0.0024093068204820156
1930,48.25,0.0024906806647777557
1931,48.275,0.00241523957811296
1932,48.3,0.0024109529331326485
1933,48.325,0.0024093063548207283
1934,48.35,0.0024945158511400223
1935,48.375,0.002415239345282316
1936,48.4,0.002410952467471361
1937,48.425,0.2144262045621872
1938,48.45,0.2077648639678955
1939,48.475,0.2117367386817932
1940,48.5,0.2625385522842407
1941,48.525,0.08422492444515228
1942,48.55,0.0026318314485251904
1943,48.575,0.00254023727029562
1944,48.6,0.0025148012209683657
1945,48.625,0.002539025852456689
1946,48.65,0.0026318312156945467
1947,48.675,0.0025382996536791325
1948,48.7,0.0024909216444939375
1949,48.725,0.002473002066835761
1950,48.75,0.002458269475027919
1951,48.775,0.002432859968394041
1952,48.8,0.002395523712038994
1953,48.825,0.002422650810331106
1954,48.85,0.002452617045491934
1955,48.875,0.002432859968394041
1956,48.9,0.002398301614448428
1957,48.925,0.002422650810331106
1958,48.95,0.0846937894821167
1959,48.975,0.22134681046009064
1960,49.0,0.23895463347434998
1961,49.025,0.2166721522808075
1962,49.05,0.2646035850048065
1963,49.075,0.08910573273897171
1964,49.1,0.002514800988137722
1965,49.125,0.0025390256196260452
1966,49.15,0.002636127872392535
1967,49.175,0.002539526205509901
1968,49.2,0.0025148014537990093
1969,49.225,0.002539025852456689
1970,49.25,0.0026081460528075695
1971,49.275,0.002475585089996457
1972,49.3,0.002420201664790511
1973,49.325,0.002409306587651372
1974,49.35,0.0024870955385267735
1975,49.375,0.00241523957811296
1976,49.4,0.002410952467471361
1977,49.425,0.0024093063548207283
1978,49.45,0.0024879993870854378
1979,49.475,0.00241523957811296
1980,49.5,0.07780822366476059
1981,49.525,0.22165270149707794
1982,49.55,0.20765897631645203
1983,49.575,0.2117438018321991
1984,49.6,0.262527734041214
1985,49.625,0.002539025852456689
1986,49.65,0.0026361276395618916
1987,49.675,0.002539526205509901
1988,49.7,0.002514800988137722
1989,49.725,0.002539025852456689
1990,49.75,0.0026318314485251904
1991,49.775,0.002538880333304405
1992,49.8,0.0024869535118341446
1993,49.825,0.0024763583205640316
1994,49.85,0.002566148526966572
1995,49.875,0.002454156056046486
1996,49.9,0.0024290326982736588
1997,49.925,0.002476358786225319
1998,49.95,0.002566148526966572
1999,49.975,0.002454156056046486
2000,50.0,0.0024290326982736588
2001,50.025,0.002476358786225319
2002,50.05,0.0695338323712349
2003,50.075,0.22273752093315125
2004,50.1,0.20974883437156677
2005,50.125,0.21711517870426178
2006,50.15,0.26089268922805786
2007,50.175,0.002556560095399618
2008,50.2,0.0025508832186460495
2009,50.225,0.0025916285812854767
2010,50.25,0.0026915220078080893
2011,50.275,0.002557082800194621
2012,50.3,0.002550882752984762
2013,50.325,0.0025916285812854767
2014,50.35,0.0026583420112729073
2015,50.375,0.0024941035080701113
2016,50.4,0.002454126253724098
2017,50.425,0.0024615880101919174
2018,50.45,0.0025439609307795763
2019,50.475,0.0024335510097444057
2020,50.5,0.0024446561001241207
2021,50.525,0.00246158754453063
2022,50.55,0.0025406996719539165
2023,50.575,0.0024335510097444057
2024,50.6,0.18123045563697815
2025,50.625,0.233464777469635
2026,50.65,0.20736181735992432
2027,50.675,0.21169190108776093
2028,50.7,0.2623867988586426
2029,50.725,0.0025916285812854767
2030,50.75,0.002691522240638733
2031,50.775,0.002556560095399618
2032,50.8,0.002550882985815406
2033,50.825,0.0025916288141161203
2034,50.85,0.0026965863071382046
2035,50.875,0.0025570825673639774
2036,50.9,0.002520703710615635
2037,50.925,0.0025304951705038548
2038,50.95,0.0025698840618133545
2039,50.975,0.0024608708918094635
2040,51.0,0.0024213530123233795
2041,51.025,0.002471824176609516
2042,51.05,0.0025467155501246452
2043,51.075,0.002460871357470751
2044,51.1,0.0024213530123233795
2045,51.125,0.002471824176609516
2046,51.15,0.17254924774169922
2047,51.175,0.21790266036987305
2048,51.2,0.22218093276023865
2049,51.225,0.17905586957931519
2050,51.25,0.19925791025161743
2051,51.275,0.002552454825490713
2052,51.3,0.002506986726075411
2053,51.325,0.002534465864300728
2054,51.35,0.0026291324757039547
2055,51.375,0.0025524545926600695
2056,51.4,0.002506986726075411
2057,51.425,0.002534465631470084
2058,51.45,0.00261521153151989
2059,51.475,0.0024846806190907955
2060,51.5,0.0024125599302351475
2061,51.525,0.0024167350493371487
2062,51.55,0.0025004171766340733
2063,51.575,0.0024217998143285513
2064,51.6,0.0024033267982304096
2065,51.625,0.0024167350493371487
2066,51.65,0.002505074255168438
2067,51.675,0.0024217995814979076
2068,51.7,0.16963759064674377
2069,51.725,0.23579037189483643
2070,51.75,0.2077317237854004
2071,51.775,0.2117198407649994
2072,51.8,0.2625371813774109
2073,51.825,0.0025344653986394405
2074,51.85,0.0026291324757039547
2075,51.875,0.002552454825490713
2076,51.9,0.002506986726075411
2077,51.925,0.002534465864300728
2078,51.95,0.0026385472156107426
2079,51.975,0.0025524545926600695
2080,52.0,0.0024791571777313948
2081,52.025,0.002471824176609516
2082,52.05,0.0025551405269652605
2083,52.075,0.002460871357470751
2084,52.1,0.0024213530123233795
2085,52.125,0.0024718239437788725
2086,52.15,0.0025513875298202038
2087,52.175,0.002460871357470751
2088,52.2,0.0024213530123233795
2089,52.225,0.002471824176609516
2090,52.25,0.17243105173110962
2091,52.275,0.256061315536499
2092,52.3,0.20983684062957764
2093,52.325,0.21415677666664124
2094,52.35,0.25148171186447144
2095,52.375,0.0025561025831848383
2096,52.4,0.002550882752984762
2097,52.425,0.0025916288141161203
2098,52.45,0.002691522240638733
2099,52.475,0.002555710729211569
2100,52.5,0.0025508832186460495
2101,52.525,0.0025916285812854767
2102,52.55,0.0026630451902747154
2103,52.575,0.0024941035080701113
2104,52.6,0.002454126486554742
2105,52.625,0.0024615880101919174
2106,52.65,0.002544811461120844
2107,52.675,0.002433550776913762
2108,52.7,0.002444853540509939
2109,52.725,0.0024615880101919174
2110,52.75,0.002544811461120844
2111,52.775,0.0024335505440831184
2112,52.8,0.17111726105213165
2113,52.825,0.27557021379470825
2114,52.85,0.20722050964832306
2115,52.875,0.21168369054794312
2116,52.9,0.2623867988586426
2117,52.925,0.0025916285812854767
2118,52.95,0.002691522240638733
2119,52.975,0.0025583249516785145
2120,53.0,0.002550882752984762
2121,53.025,0.0025916285812854767
2122,53.05,0.0026965865399688482
2123,53.075,0.002556560095399618
2124,53.1,0.00252820597961545
2125,53.125,0.00253277737647295
2126,53.15,0.0025927680544555187
2127,53.175,0.002454156521707773
2128,53.2,0.002429032465443015
2129,53.225,0.0024763585533946753
2130,53.25,0.002566148526966572
2131,53.275,0.002454156056046486
2132,53.3,0.0024290329311043024
2133,53.325,0.002476358786225319
2134,53.35,0.17122620344161987
2135,53.375,0.2760816812515259
2136,53.4,0.23886197805404663
2137,53.425,0.2162420153617859
2138,53.45,0.2643808126449585
2139,53.475,0.002563702641054988
2140,53.5,0.002562418580055237
2141,53.525,0.00259634992107749
2142,53.55,0.002687445841729641
2143,53.575,0.0025637028738856316
2144,53.6,0.002562418580055237
2145,53.625,0.00259634992107749
2146,53.65,0.002658810466527939
2147,53.675,0.002493466017767787
2148,53.7,0.0024515967816114426
2149,53.725,0.0024629379622638226
2150,53.75,0.0025533840525895357
2151,53.775,0.0024325286503881216
2152,53.8,0.002442306373268366
2153,53.825,0.0024629379622638226
2154,53.85,0.0025533209554851055
2155,53.875,0.0024325286503881216
2156,53.9,0.17108690738677979
2157,53.925,0.2754635810852051
2158,53.95,0.20727775990962982
2159,53.975,0.2115718126296997
2160,54.0,0.262848824262619
2161,54.025,0.00259634992107749
2162,54.05,0.0026874453760683537
2163,54.075,0.0025637028738856316
2164,54.1,0.002562418347224593
2165,54.125,0.00259634992107749
2166,54.15,0.0026874456088989973
2167,54.175,0.0025637028738856316
2168,54.2,0.002531894715502858
2169,54.225,0.002527716103941202
2170,54.25,0.002588283736258745
2171,54.275,0.002469153143465519
2172,54.3,0.0024328362196683884
2173,54.325,0.0024756069760769606
2174,54.35,0.0025687303859740496
2175,54.375,0.002469153143465519
2176,54.4,0.0024328362196683884
2177,54.425,0.002475606743246317
2178,54.45,0.17311955988407135
2179,54.475,0.27544596791267395
2180,54.5,0.2211865782737732
2181,54.525,0.21367433667182922
2182,54.55,0.0026348349638283253
2183,54.575,0.002552405931055546
2184,54.6,0.0025184745900332928
2185,54.625,0.0025383159518241882
2186,54.65,0.002634835196658969
2187,54.675,0.0025524054653942585
2188,54.7,0.002518474357202649
2189,54.725,0.0025383159518241882
2190,54.75,0.002606411464512348
2191,54.775,0.0024909009225666523
2192,54.8,0.0024245695676654577
2193,54.825,0.002415523398667574
2194,54.85,0.0025026039220392704
2195,54.875,0.0024217586033046246
2196,54.9,0.0024175585713237524
2197,54.925,0.002413275185972452
2198,54.95,0.0025026039220392704
2199,54.975,0.0024217586033046246
2200,55.0,0.16115492582321167
2201,55.025,0.2756403088569641
2202,55.05,0.20766660571098328
2203,55.075,0.21164271235466003
2204,55.1,0.26668843626976013
2205,55.125,0.0025383159518241882
2206,55.15,0.0026348349638283253
2207,55.175,0.0025524054653942585
2208,55.2,0.002518474357202649
2209,55.225,0.0025383157189935446
2210,55.25,0.0026348354294896126
2211,55.275,0.0025524054653942585
2212,55.3,0.0024946662597358227
2213,55.325,0.0024710758589208126
2214,55.35,0.0025135455653071404
2215,55.375,0.002442070282995701
2216,55.4,0.0023865103721618652
2217,55.425,0.0024206775706261396
2218,55.45,0.002506563439965248
2219,55.475,0.0024419212713837624
2220,55.5,0.0023865103721618652
2221,55.525,0.0024206775706261396
2222,55.55,0.1683906763792038
2223,55.575,0.2458648383617401
2224,55.6,0.21025756001472473
2225,55.625,0.21408483386039734
2226,55.65,0.2652249038219452
2227,55.675,0.0025519111659377813
2228,55.7,0.0025066277012228966
2229,55.725,0.0025374004617333412
2230,55.75,0.0026246882043778896
2231,55.775,0.0025519109331071377
2232,55.8,0.0025066277012228966
2233,55.825,0.0025374004617333412
2234,55.85,0.0025967301335185766
2235,55.875,0.0024816198274493217
2236,55.9,0.0024121208116412163
2237,55.925,0.002419552067294717
2238,55.95,0.002480128314346075
2239,55.975,0.0024211565032601357
2240,56.0,0.002402867190539837
2241,56.025,0.002419552067294717
2242,56.05,0.0024840827099978924
2243,56.075,0.002421156270429492
2244,56.1,0.16645964980125427
2245,56.125,0.24767032265663147
2246,56.15,0.20770737528800964
2247,56.175,0.21168619394302368
2248,56.2,0.2625621557235718
2249,56.225,0.0025374004617333412
2250,56.25,0.0026295592542737722
2251,56.275,0.0025519111659377813
2252,56.3,0.0025066277012228966
2253,56.325,0.0025374002289026976
2254,56.35,0.0026295592542737722
2255,56.375,0.002551911398768425
2256,56.4,0.0024736584164202213
2257,56.425,0.0024769268929958344
2258,56.45,0.0025366307236254215
2259,56.475,0.00245540589094162
2260,56.5,0.0023758728057146072
2261,56.525,0.0024191983975470066
2262,56.55,0.0025123031809926033
2263,56.575,0.00245540589094162
2264,56.6,0.002378911944106221
2265,56.625,0.0024191983975470066
2266,56.65,0.17004892230033875
2267,56.675,0.27273744344711304
2268,56.7,0.21057134866714478
2269,56.725,0.21455976366996765
2270,56.75,0.25181451439857483
2271,56.775,0.0025519111659377813
2272,56.8,0.0025035173166543245
2273,56.825,0.0025374004617333412
2274,56.85,0.0026346801314502954
2275,56.875,0.002551911398768425
2276,56.9,0.0025066277012228966
2277,56.925,0.0025374002289026976
2278,56.95,0.0026014898903667927
2279,56.975,0.0024816200602799654
2280,57.0,0.0024121208116412163
2281,57.025,0.002419552067294717
2282,57.05,0.0024801280815154314
2283,57.075,0.002421156270429492
2284,57.1,0.002402867190539837
2285,57.125,0.0024195523001253605
2286,57.15,0.0024840824771672487
2287,57.175,0.0024211560375988483
2288,57.2,0.16248288750648499
2289,57.225,0.2756603956222534
2290,57.25,0.20770739018917084
2291,57.275,0.21168619394302368
2292,57.3,0.25359416007995605
2293,57.325,0.0025374004617333412
2294,57.35,0.002634679898619652
2295,57.375,0.0025519111659377813
2296,57.4,0.0025035173166543245
2297,57.425,0.0025374002289026976
2298,57.45,0.0026295592542737722
2299,57.475,0.0025519111659377813
2300,57.5,0.00247579556889832
2301,57.525,0.002484920434653759
2302,57.55,0.0025373054668307304
2303,57.575,0.00243167020380497
2304,57.6,0.002382004866376519
2305,57.625,0.0024254540912806988
2306,57.65,0.0025254013016819954
2307,57.675,0.00243167020380497
2308,57.7,0.0023820046335458755
2309,57.725,0.0024254540912806988
2310,57.75,0.17004553973674774
2311,57.775,0.21795183420181274
2312,57.8,0.2105174958705902
2313,57.825,0.21417534351348877
2314,57.85,0.2647504210472107
2315,57.875,0.0025318183470517397
2316,57.9,0.0025028730742633343
2317,57.925,0.0025426545180380344
2318,57.95,0.002622740576043725
2319,57.975,0.0025318185798823833
2320,58.0,0.0025001629255712032
2321,58.025,0.0025426545180380344
2322,58.05,0.0025826827622950077
2323,58.075,0.002470457460731268
2324,58.1,0.0024049580097198486
2325,58.125,0.002424840582534671
2326,58.15,0.002472180873155594
2327,58.175,0.0024100595619529486
2328,58.2,0.0024004715960472822
2329,58.225,0.002424840349704027
2330,58.25,0.0024754321202635765
2331,58.275,0.002410059329122305
2332,58.3,0.1727544367313385
2333,58.325,0.24772360920906067
2334,58.35,0.2077910602092743
2335,58.375,0.2118595838546753
2336,58.4,0.2626606225967407
2337,58.425,0.002542654750868678
2338,58.45,0.002622740576043725
2339,58.475,0.0025318185798823833
2340,58.5,0.0025001629255712032
2341,58.525,0.002542654750868678
2342,58.55,0.0026102373376488686
2343,58.575,0.0025318185798823833
2344,58.6,0.002477484755218029
2345,58.625,0.002484132070094347
2346,58.65,0.0025257649831473827
2347,58.675,0.0024312869645655155
2348,58.7,0.002386105712503195
2349,58.725,0.002428333042189479
2350,58.75,0.0025125546380877495
2351,58.775,0.002431287430226803
2352,58.8,0.002383157378062606
2353,58.825,0.0024283325765281916
2354,58.85,0.1602201908826828
2355,58.875,0.23941418528556824
2356,58.9,0.2395932674407959
2357,58.925,0.21665509045124054
2358,58.95,0.2517968416213989
2359,58.975,0.002532869577407837
2360,59.0,0.0025302660651504993
2361,59.025,0.0025437655858695507
2362,59.05,0.002629099879413843
2363,59.075,0.002532869577407837
2364,59.1,0.002530266297981143
2365,59.125,0.0025437655858695507
2366,59.15,0.0026008756831288338
2367,59.175,0.0024647610262036324
2368,59.2,0.0024131955578923225
2369,59.225,0.0024258093908429146
2370,59.25,0.002496636938303709
2371,59.275,0.00240448210388422
2372,59.3,0.0024039249401539564
2373,59.325,0.0024258093908429146
2374,59.35,0.0024908273480832577
2375,59.375,0.0024044818710535765
2376,59.4,0.16811993718147278
2377,59.425,0.24771395325660706
2378,59.45,0.2076217234134674
2379,59.475,0.2116149365901947
2380,59.5,0.26300838589668274
2381,59.525,0.0025437655858695507
2382,59.55,0.0026233247481286526
2383,59.575,0.002532869577407837
2384,59.6,0.002530266297981143
2385,59.625,0.002543765353038907
2386,59.65,0.002629099879413843
2387,59.675,0.002532869577407837
2388,59.7,0.002503187395632267
2389,59.725,0.0024809231981635094
2390,59.75,0.002563151065260172
2391,59.775,0.0024423510767519474
2392,59.8,0.002433574292808771
2393,59.825,0.002480922732502222
2394,59.85,0.0025631512980908155
2395,59.875,0.0024423510767519474
2396,59.9,0.0024375426582992077
2397,59.925,0.0024809231981635094
2398,59.95,0.0025631512980908155
2399,59.975,0.0024423508439213037
