frame_index,time_seconds,surprise_score
0,0.0,0.0
1,0.02,0.0
2,0.04,0.0
3,0.06,0.0
4,0.08,0.0
5,0.1,0.31894810232740367
6,0.12,0.31894810232740367
7,0.14,0.31894810232740367
8,0.16,0.31894810232740367
9,0.18,0.31894810232740367
10,0.2,0.31894810232740367
11,0.22,0.31894810232740367
12,0.24,0.31894810232740367
13,0.26,0.31894810232740367
14,0.28,0.31894810232740367
15,0.3,0.31894810232740367
16,0.32,0.31894810232740367
17,0.34,0.31894810232740367
18,0.36,0.31894810232740367
19,0.38,0.31894810232740367
20,0.4,0.31894810232740367
21,0.42,0.31894810232740367
22,0.44,0.31894810232740367
23,0.46,0.31894810232740367
24,0.48,0.31894810232740367
25,0.5,0.31894810232740367
26,0.52,0.31894810232740367
27,0.54,0.3144553493704973
28,0.56,0.3146712823075167
29,0.58,0.3146204991777664
30,0.6,0.32033883463367124
31,0.62,0.32043876874866495
32,0.64,0.32043876874866495
33,0.66,0.32043876874866495
34,0.68,0.32043876874866495
35,0.7,0.32043876874866495
36,0.72,0.32043876874866495
37,0.74,0.32043876874866495
38,0.76,0.32043876874866495
39,0.78,0.32043876874866495
40,0.8,0.32043876874866495
41,0.82,0.32043876874866495
42,0.84,0.32043876874866495
43,0.86,0.32043876874866495
44,0.88,0.32043876874866495
45,0.9,0.32043876874866495
46,0.92,0.32043876874866495
47,0.94,0.32043876874866495
48,0.96,0.32043876874866495
49,0.98,0.32043876874866495
50,1.0,0.32043876874866495
51,1.02,0.32043876874866495
52,1.04,0.32043876874866495
53,1.06,0.32043876874866495
54,1.08,0.32036469994216893
55,1.1,0.31482960832739243
56,1.12,0.3149286666972163
57,1.14,0.31630980912772383
58,1.16,0.32099470623341264
59,1.18,0.32099470623341264
60,1.2,0.32099470623341264
61,1.22,0.32099470623341264
62,1.24,0.32099470623341264
63,1.26,0.32099470623341264
64,1.28,0.32099470623341264
65,1.3,0.32099470623341264
66,1.32,0.32099470623341264
67,1.34,0.32099470623341264
68,1.36,0.32099470623341264
69,1.38,0.32099470623341264
70,1.4,0.32099470623341264
71,1.42,0.32099470623341264
72,1.44,0.32099470623341264
73,1.46,0.32099470623341264
74,1.48,0.32099470623341264
75,1.5,0.32099470623341264
76,1.52,0.32099470623341264
77,1.54,0.32099470623341264
78,1.56,0.32099470623341264
79,1.58,0.32099470623341264
80,1.6,0.32099470623341264
81,1.62,0.32099470623341264
82,1.64,0.31575107480589915
83,1.66,0.3157128234705971
84,1.68,0.3153441981020003
85,1.7,0.32119997522111665
86,1.72,0.32140421777104466
87,1.74,0.32140421777104466
88,1.76,0.32140421777104466
89,1.78,0.32140421777104466
90,1.8,0.32140421777104466
91,1.82,0.32140421777104466
92,1.84,0.32140421777104466
93,1.86,0.32140421777104466
94,1.88,0.32140421777104466
95,1.9,0.32140421777104466
96,1.92,0.32140421777104466
97,1.94,0.32140421777104466
98,1.96,0.32140421777104466
99,1.98,0.32140421777104466
100,2.0,0.32140421777104466
101,2.02,0.32140421777104466
102,2.04,0.32140421777104466
103,2.06,0.32140421777104466
104,2.08,0.32140421777104466
105,2.1,0.32140421777104466
106,2.12,0.32140421777104466
107,2.14,0.32140421777104466
108,2.16,0.32140421777104466
109,2.18,0.32133089934795983
110,2.2,0.3159460322266858
111,2.22,0.3161339957204352
112,2.24,0.31656565240381274
113,2.26,0.3206556691685812
114,2.28,0.3206556691685812
115,2.3,0.3206556691685812
116,2.32,0.3206556691685812
117,2.34,0.3206556691685812
118,2.36,0.3206556691685812
119,2.38,0.3206556691685812
120,2.4,0.3206556691685812
121,2.42,0.3206556691685812
122,2.44,0.3206556691685812
123,2.46,0.3206556691685812
124,2.48,0.3206556691685812
125,2.5,0.3206556691685812
126,2.52,0.3206556691685812
127,2.54,0.3206556691685812
128,2.56,0.3206556691685812
129,2.58,0.3206556691685812
130,2.6,0.3206556691685812
131,2.62,0.3206556691685812
132,2.64,0.3206556691685812
133,2.66,0.3206556691685812
134,2.68,0.3206556691685812
135,2.7,0.3206556691685812
136,2.72,0.3206556691685812
137,2.74,0.3176318525434233
138,2.76,0.3175823927767293
139,2.78,0.31643420556286656
140,2.8,0.3209210070335105
141,2.82,0.3211895381910283
142,2.84,0.3211895381910283
143,2.86,0.3211895381910283
144,2.88,0.3211895381910283
145,2.9,0.3211895381910283
146,2.92,0.3211895381910283
147,2.94,0.3211895381910283
148,2.96,0.3211895381910283
149,2.98,0.3211895381910283
150,3.0,0.3211895381910283
151,3.02,0.3211895381910283
152,3.04,0.3211895381910283
153,3.06,0.3211895381910283
154,3.08,0.3211895381910283
155,3.1,0.3211895381910283
156,3.12,0.3211895381910283
157,3.14,0.3211895381910283
158,3.16,0.3211895381910283
159,3.18,0.3211895381910283
160,3.2,0.3211895381910283
161,3.22,0.3211895381910283
162,3.24,0.3211895381910283
163,3.26,0.3211895381910283
164,3.28,0.32110834674765265
165,3.3,0.3179306284489351
166,3.32,0.3176804139327405
167,3.34,0.31718352858475163
168,3.36,0.3206753001158064
169,3.38,0.3206753001158064
170,3.4,0.3206753001158064
171,3.42,0.3206753001158064
172,3.44,0.3206753001158064
173,3.46,0.3206753001158064
174,3.48,0.3206753001158064
175,3.5,0.3206753001158064
176,3.52,0.3206753001158064
177,3.54,0.3206753001158064
178,3.56,0.3206753001158064
179,3.58,0.3206753001158064
180,3.6,0.3206753001158064
181,3.62,0.3206753001158064
182,3.64,0.3206753001158064
183,3.66,0.3206753001158064
184,3.68,0.3206753001158064
185,3.7,0.3206753001158064
186,3.72,0.3206753001158064
187,3.74,0.3206753001158064
188,3.76,0.3206753001158064
189,3.78,0.3206753001158064
190,3.8,0.3206753001158064
191,3.82,0.3206753001158064
192,3.84,0.3194119844466139
193,3.86,0.3191223609506601
194,3.88,0.3174038175243119
195,3.9,0.32119718104490347
196,3.92,0.32147819920698867
197,3.94,0.32147819920698867
198,3.96,0.32147819920698867
199,3.98,0.32147819920698867
200,4.0,0.32147819920698867
201,4.02,0.32147819920698867
202,4.04,0.32147819920698867
203,4.06,0.32147819920698867
204,4.08,0.32147819920698867
205,4.1,0.32147819920698867
206,4.12,0.32147819920698867
207,4.14,0.32147819920698867
208,4.16,0.32147819920698867
209,4.18,0.32147819920698867
210,4.2,0.32147819920698867
211,4.22,0.32147819920698867
212,4.24,0.32147819920698867
213,4.26,0.32147819920698867
214,4.28,0.32147819920698867
215,4.3,0.32147819920698867
216,4.32,0.32147819920698867
217,4.34,0.32147819920698867
218,4.36,0.32147819920698867
219,4.38,0.3213999434553262
220,4.4,0.3195861598326189
221,4.42,0.31892793129012903
222,4.44,0.3182536656535341
223,4.46,0.32158301561127317
224,4.48,0.32158301561127317
225,4.5,0.32158301561127317
226,4.52,0.32158301561127317
227,4.54,0.32158301561127317
228,4.56,0.32158301561127317
229,4.58,0.32158301561127317
230,4.6,0.32158301561127317
231,4.62,0.32158301561127317
232,4.64,0.32158301561127317
233,4.66,0.32158301561127317
234,4.68,0.32158301561127317
235,4.7,0.32158301561127317
236,4.72,0.32158301561127317
237,4.74,0.32158301561127317
238,4.76,0.32158301561127317
239,4.78,0.32158301561127317
240,4.8,0.32158301561127317
241,4.82,0.32158301561127317
242,4.84,0.32158301561127317
243,4.86,0.32158301561127317
244,4.88,0.32158301561127317
245,4.9,0.32158301561127317
246,4.92,0.32158301561127317
247,4.94,0.3205640084236728
248,4.96,0.32040050191750075
249,4.98,0.3184332942472915
250,5.0,0.321572656795034
251,5.02,0.32063948830098055
252,5.04,0.31932913257014695
253,5.06,0.3219635709486657
254,5.08,0.3219635709486657
255,5.1,0.3219635709486657
256,5.12,0.3219635709486657
257,5.14,0.3219635709486657
258,5.16,0.3219635709486657
259,5.18,0.3219635709486657
260,5.2,0.3219635709486657
261,5.22,0.3219635709486657
262,5.24,0.3219635709486657
263,5.26,0.3219635709486657
264,5.28,0.3219635709486657
265,5.3,0.3219635709486657
266,5.32,0.3219635709486657
267,5.34,0.3219635709486657
268,5.36,0.3219635709486657
269,5.38,0.3219635709486657
270,5.4,0.3219635709486657
271,5.42,0.3219635709486657
272,5.44,0.3219635709486657
273,5.46,0.3219635709486657
274,5.48,0.3219635709486657
275,5.5,0.3219635709486657
276,5.52,0.3219635709486657
277,5.54,0.3212693390390443
278,5.56,0.32109503460965505
279,5.58,0.3187861715348169
280,5.6,0.32239750506332265
281,5.62,0.3226643754955725
282,5.64,0.3226643754955725
283,5.66,0.3226643754955725
284,5.68,0.3226643754955725
285,5.7,0.3226643754955725
286,5.72,0.3226643754955725
287,5.74,0.3226643754955725
288,5.76,0.3226643754955725
289,5.78,0.3226643754955725
290,5.8,0.3226643754955725
291,5.82,0.3226643754955725
292,5.84,0.3226643754955725
293,5.86,0.3226643754955725
294,5.88,0.3226643754955725
295,5.9,0.3226643754955725
296,5.92,0.3226643754955725
297,5.94,0.3226643754955725
298,5.96,0.3226643754955725
299,5.98,0.3226643754955725
300,6.0,0.3226643754955725
301,6.02,0.3226643754955725
302,6.04,0.3226643754955725
303,6.06,0.3226643754955725
304,6.08,0.32268774959448443
305,6.1,0.32119257888933656
306,6.12,0.3213943539931072
307,6.14,0.31942806342788055
308,6.16,0.32281022563545086
309,6.18,0.32281022563545086
310,6.2,0.32281022563545086
311,6.22,0.32281022563545086
312,6.24,0.32281022563545086
313,6.26,0.32281022563545086
314,6.28,0.32281022563545086
315,6.3,0.32281022563545086
316,6.32,0.32281022563545086
317,6.34,0.32281022563545086
318,6.36,0.32281022563545086
319,6.38,0.32281022563545086
320,6.4,0.32281022563545086
321,6.42,0.32281022563545086
322,6.44,0.32281022563545086
323,6.46,0.32281022563545086
324,6.48,0.32281022563545086
325,6.5,0.32281022563545086
326,6.52,0.32281022563545086
327,6.54,0.32281022563545086
328,6.56,0.32281022563545086
329,6.58,0.32281022563545086
330,6.6,0.32281022563545086
331,6.62,0.32281022563545086
332,6.64,0.3221695324998643
333,6.66,0.3223255947172376
334,6.68,0.31980804561647896
335,6.7,0.32333050443717515
336,6.72,0.32359020992203763
337,6.74,0.32359020992203763
338,6.76,0.32359020992203763
339,6.78,0.32359020992203763
340,6.8,0.32359020992203763
341,6.82,0.32359020992203763
342,6.84,0.32359020992203763
343,6.86,0.32359020992203763
344,6.88,0.32359020992203763
345,6.9,0.32359020992203763
346,6.92,0.32359020992203763
347,6.94,0.32359020992203763
348,6.96,0.32359020992203763
349,6.98,0.32359020992203763
350,7.0,0.32359020992203763
351,7.02,0.32359020992203763
352,7.04,0.32359020992203763
353,7.06,0.32359020992203763
354,7.08,0.32359020992203763
355,7.1,0.32359020992203763
356,7.12,0.32359020992203763
357,7.14,0.32359020992203763
358,7.16,0.32359020992203763
359,7.18,0.3230637032045228
360,7.2,0.32220071008934537
361,7.22,0.32202032129550817
362,7.24,0.3205333745819769
363,7.26,0.32375662821114254
364,7.28,0.32375662821114254
365,7.3,0.32375662821114254
366,7.32,0.32375662821114254
367,7.34,0.32375662821114254
368,7.36,0.32375662821114254
369,7.38,0.32375662821114254
370,7.4,0.32375662821114254
371,7.42,0.32375662821114254
372,7.44,0.32375662821114254
373,7.46,0.32375662821114254
374,7.48,0.32375662821114254
375,7.5,0.32375662821114254
376,7.52,0.32375662821114254
377,7.54,0.32375662821114254
378,7.56,0.32375662821114254
379,7.58,0.32375662821114254
380,7.6,0.32375662821114254
381,7.62,0.32375662821114254
382,7.64,0.32375662821114254
383,7.66,0.32375662821114254
384,7.68,0.32375662821114254
385,7.7,0.32375662821114254
386,7.72,0.32375662821114254
387,7.74,0.32315493462955075
388,7.76,0.32328463261498613
389,7.78,0.32075456706494865
390,7.8,0.3242776470726628
391,7.82,0.3245253951939472
392,7.84,0.3245253951939472
393,7.86,0.3245253951939472
394,7.88,0.3245253951939472
395,7.9,0.3245253951939472
396,7.92,0.3245253951939472
397,7.94,0.3245253951939472
398,7.96,0.3245253951939472
399,7.98,0.3245253951939472
400,8.0,0.3245253951939472
401,8.02,0.3245253951939472
402,8.04,0.3245253951939472
403,8.06,0.3245253951939472
404,8.08,0.3245253951939472
405,8.1,0.3245253951939472
406,8.12,0.3245253951939472
407,8.14,0.3245253951939472
408,8.16,0.3245253951939472
409,8.18,0.3245253951939472
410,8.2,0.3245253951939472
411,8.22,0.3245253951939472
412,8.24,0.3245253951939472
413,8.26,0.3245253951939472
414,8.28,0.32442134175162396
415,8.3,0.32354144307657
416,8.32,0.3230327456953527
417,8.34,0.3250396375108218
418,8.36,0.3250396375108218
419,8.38,0.3250396375108218
420,8.4,0.3250396375108218
421,8.42,0.3250396375108218
422,8.44,0.3250396375108218
423,8.46,0.3250396375108218
424,8.48,0.3250396375108218
425,8.5,0.3250396375108218
426,8.52,0.3250396375108218
427,8.54,0.3250396375108218
428,8.56,0.3250396375108218
429,8.58,0.3250396375108218
430,8.6,0.3250396375108218
431,8.62,0.3250396375108218
432,8.64,0.3250396375108218
433,8.66,0.3250396375108218
434,8.68,0.3250396375108218
435,8.7,0.3250396375108218
436,8.72,0.3250396375108218
437,8.74,0.3250396375108218
438,8.76,0.3250396375108218
439,8.78,0.3250396375108218
440,8.8,0.3250396375108218
441,8.82,0.3250396375108218
442,8.84,0.32386646297501165
443,8.86,0.32413422030865646
444,8.88,0.32178791202786133
445,8.9,0.3253503729694818
446,8.92,0.32557832903318557
447,8.94,0.32557832903318557
448,8.96,0.32557832903318557
449,8.98,0.32557832903318557
450,9.0,0.32557832903318557
451,9.02,0.32557832903318557
452,9.04,0.32557832903318557
453,9.06,0.32557832903318557
454,9.08,0.32557832903318557
455,9.1,0.32557832903318557
456,9.12,0.32557832903318557
457,9.14,0.32557832903318557
458,9.16,0.32557832903318557
459,9.18,0.32557832903318557
460,9.2,0.32557832903318557
461,9.22,0.32557832903318557
462,9.24,0.32557832903318557
463,9.26,0.32557832903318557
464,9.28,0.32557832903318557
465,9.3,0.32557832903318557
466,9.32,0.32557832903318557
467,9.34,0.32557832903318557
468,9.36,0.32557832903318557
469,9.38,0.32498915005525963
470,9.4,0.3244203523889221
471,9.42,0.323751437519339
472,9.44,0.3227010829519588
473,9.46,0.32594306776767645
474,9.48,0.32594306776767645
475,9.5,0.32594306776767645
476,9.52,0.32594306776767645
477,9.54,0.32594306776767645
478,9.56,0.32594306776767645
479,9.58,0.32594306776767645
480,9.6,0.32594306776767645
481,9.62,0.32594306776767645
482,9.64,0.32594306776767645
483,9.66,0.32594306776767645
484,9.68,0.32594306776767645
485,9.7,0.32594306776767645
486,9.72,0.32594306776767645
487,9.74,0.32594306776767645
488,9.76,0.32594306776767645
489,9.78,0.32594306776767645
490,9.8,0.32594306776767645
491,9.82,0.32594306776767645
492,9.84,0.32594306776767645
493,9.86,0.32594306776767645
494,9.88,0.32594306776767645
495,9.9,0.32594306776767645
496,9.92,0.32594306776767645
497,9.94,0.3250006167536356
498,9.96,0.32548151151091814
499,9.98,0.32290513842131907
500,10.0,0.32643259471323854
501,10.02,0.32664443667989485
502,10.04,0.32664443667989485
503,10.06,0.32664443667989485
504,10.08,0.32664443667989485
505,10.1,0.32664443667989485
506,10.12,0.32664443667989485
507,10.14,0.32664443667989485
508,10.16,0.32664443667989485
509,10.18,0.32664443667989485
510,10.2,0.32664443667989485
511,10.22,0.32664443667989485
512,10.24,0.32664443667989485
513,10.26,0.32664443667989485
514,10.28,0.32664443667989485
515,10.3,0.32664443667989485
516,10.32,0.32664443667989485
517,10.34,0.32664443667989485
518,10.36,0.32664443667989485
519,10.38,0.32664443667989485
520,10.4,0.32664443667989485
521,10.42,0.32664443667989485
522,10.44,0.32664443667989485
523,10.46,0.32664443667989485
524,10.48,0.3264565527473524
525,10.5,0.3250446698969068
526,10.52,0.32621039064459983
527,10.54,0.3242836648520676
528,10.56,0.32711620240317946
529,10.58,0.32711620240317946
530,10.6,0.32711620240317946
531,10.62,0.32711620240317946
532,10.64,0.32711620240317946
533,10.66,0.32711620240317946
534,10.68,0.32711620240317946
535,10.7,0.32711620240317946
536,10.72,0.32711620240317946
537,10.74,0.32711620240317946
538,10.76,0.32711620240317946
539,10.78,0.32711620240317946
540,10.8,0.32711620240317946
541,10.82,0.32711620240317946
542,10.84,0.32711620240317946
543,10.86,0.32711620240317946
544,10.88,0.32711620240317946
545,10.9,0.32711620240317946
546,10.92,0.32711620240317946
547,10.94,0.32711620240317946
548,10.96,0.32711620240317946
549,10.98,0.32711620240317946
550,11.0,0.32711620240317946
551,11.02,0.32711620240317946
552,11.04,0.32617784891499535
553,11.06,0.3268726053086254
554,11.08,0.324047185129835
555,11.1,0.32758124330929606
556,11.12,0.3277770320002148
557,11.14,0.3277770320002148
558,11.16,0.3277770320002148
559,11.18,0.3277770320002148
560,11.2,0.3277770320002148
561,11.22,0.3277770320002148
562,11.24,0.3277770320002148
563,11.26,0.3277770320002148
564,11.28,0.3277770320002148
565,11.3,0.3277770320002148
566,11.32,0.3277770320002148
567,11.34,0.3277770320002148
568,11.36,0.3277770320002148
569,11.38,0.3277770320002148
570,11.4,0.3277770320002148
571,11.42,0.3277770320002148
572,11.44,0.3277770320002148
573,11.46,0.3277770320002148
574,11.48,0.3277770320002148
575,11.5,0.3277770320002148
576,11.52,0.3277770320002148
577,11.54,0.3277770320002148
578,11.56,0.3277770320002148
579,11.58,0.32779729960120746
580,11.6,0.3269893129015872
581,11.62,0.3271844069966394
582,11.64,0.32507502974692726
583,11.66,0.3281840344838252
584,11.68,0.3281840344838252
585,11.7,0.3281840344838252
586,11.72,0.3281840344838252
587,11.74,0.3281840344838252
588,11.76,0.3281840344838252
589,11.78,0.3281840344838252
590,11.8,0.3281840344838252
591,11.82,0.3281840344838252
592,11.84,0.3281840344838252
593,11.86,0.3281840344838252
594,11.88,0.3281840344838252
595,11.9,0.3281840344838252
596,11.92,0.3281840344838252
597,11.94,0.3281840344838252
598,11.96,0.3281840344838252
599,11.98,0.3281840344838252
600,12.0,0.3281840344838252
601,12.02,0.3281840344838252
602,12.04,0.3281840344838252
603,12.06,0.3281840344838252
604,12.08,0.3281840344838252
605,12.1,0.3281840344838252
606,12.12,0.3281840344838252
607,12.14,0.32737002971941837
608,12.16,0.3280746347366416
609,12.18,0.3251462305107015
610,12.2,0.32884300316203013
611,12.22,0.32902255633018473
612,12.24,0.32902255633018473
613,12.26,0.32902255633018473
614,12.28,0.32902255633018473
615,12.3,0.32902255633018473
616,12.32,0.32902255633018473
617,12.34,0.32902255633018473
618,12.36,0.32902255633018473
619,12.38,0.32902255633018473
620,12.4,0.32902255633018473
621,12.42,0.32902255633018473
622,12.44,0.32902255633018473
623,12.46,0.32902255633018473
624,12.48,0.32902255633018473
625,12.5,0.32902255633018473
626,12.52,0.32902255633018473
627,12.54,0.32902255633018473
628,12.56,0.32902255633018473
629,12.58,0.32902255633018473
630,12.6,0.32902255633018473
631,12.62,0.32902255633018473
632,12.64,0.32902255633018473
633,12.66,0.32902255633018473
634,12.68,0.32889219487347826
635,12.7,0.32800066014730334
636,12.72,0.32749589243113447
637,12.74,0.32963856598004215
638,12.76,0.32963856598004215
639,12.78,0.32963856598004215
640,12.8,0.32963856598004215
641,12.82,0.32963856598004215
642,12.84,0.32963856598004215
643,12.86,0.32963856598004215
644,12.88,0.32963856598004215
645,12.9,0.32963856598004215
646,12.92,0.32963856598004215
647,12.94,0.32963856598004215
648,12.96,0.32963856598004215
649,12.98,0.32963856598004215
650,13.0,0.32963856598004215
651,13.02,0.32963856598004215
652,13.04,0.32963856598004215
653,13.06,0.32963856598004215
654,13.08,0.32963856598004215
655,13.1,0.32963856598004215
656,13.12,0.32963856598004215
657,13.14,0.32963856598004215
658,13.16,0.32963856598004215
659,13.18,0.32963856598004215
660,13.2,0.32963856598004215
661,13.22,0.32963856598004215
662,13.24,0.3281422426986913
663,13.26,0.32933420067241304
664,13.28,0.32661650798664327
665,13.3,0.33007957523845805
666,13.32,0.3302442575089947
667,13.34,0.3302442575089947
668,13.36,0.3302442575089947
669,13.38,0.3302442575089947
670,13.4,0.3302442575089947
671,13.42,0.3302442575089947
672,13.44,0.3302442575089947
673,13.46,0.3302442575089947
674,13.48,0.3302442575089947
675,13.5,0.3302442575089947
676,13.52,0.3302442575089947
677,13.54,0.3302442575089947
678,13.56,0.3302442575089947
679,13.58,0.3302442575089947
680,13.6,0.3302442575089947
681,13.62,0.3302442575089947
682,13.64,0.3302442575089947
683,13.66,0.3302442575089947
684,13.68,0.3302442575089947
685,13.7,0.3302442575089947
686,13.72,0.3302442575089947
687,13.74,0.3302442575089947
688,13.76,0.3302442575089947
689,13.78,0.32954442077575985
690,13.8,0.3294580735484917
691,13.82,0.3289861958667978
692,13.84,0.327608537278493
693,13.86,0.33081612948689726
694,13.88,0.33081612948689726
695,13.9,0.33081612948689726
696,13.92,0.33081612948689726
697,13.94,0.33081612948689726
698,13.96,0.33081612948689726
699,13.98,0.33081612948689726
700,14.0,0.33081612948689726
701,14.02,0.33081612948689726
702,14.04,0.33081612948689726
703,14.06,0.33081612948689726
704,14.08,0.33081612948689726
705,14.1,0.33081612948689726
706,14.12,0.33081612948689726
707,14.14,0.33081612948689726
708,14.16,0.33081612948689726
709,14.18,0.33081612948689726
710,14.2,0.33081612948689726
711,14.22,0.33081612948689726
712,14.24,0.33081612948689726
713,14.26,0.33081612948689726
714,14.28,0.33081612948689726
715,14.3,0.33081612948689726
716,14.32,0.33081612948689726
717,14.34,0.32971025819353844
718,14.36,0.33078742025401
719,14.38,0.32793521291994926
720,14.4,0.33139937085533566
721,14.42,0.3315500712450005
722,14.44,0.3315500712450005
723,14.46,0.3315500712450005
724,14.48,0.3315500712450005
725,14.5,0.3315500712450005
726,14.52,0.3315500712450005
727,14.54,0.3315500712450005
728,14.56,0.3315500712450005
729,14.58,0.3315500712450005
730,14.6,0.3315500712450005
731,14.62,0.3315500712450005
732,14.64,0.3315500712450005
733,14.66,0.3315500712450005
734,14.68,0.3315500712450005
735,14.7,0.3315500712450005
736,14.72,0.3315500712450005
737,14.74,0.3315500712450005
738,14.76,0.3315500712450005
739,14.78,0.3315500712450005
740,14.8,0.3315500712450005
741,14.82,0.3315500712450005
742,14.84,0.3315500712450005
743,14.86,0.3315500712450005
744,14.88,0.33140559769434763
745,14.9,0.33087413128994003
746,14.92,0.33014134864176864
747,14.94,0.3320511576277806
748,14.96,0.3320511576277806
749,14.98,0.3320511576277806
750,15.0,0.3320511576277806
751,15.02,0.3320511576277806
752,15.04,0.3320511576277806
753,15.06,0.3320511576277806
754,15.08,0.3320511576277806
755,15.1,0.3320511576277806
756,15.12,0.3320511576277806
757,15.14,0.3320511576277806
758,15.16,0.3320511576277806
759,15.18,0.3320511576277806
760,15.2,0.3320511576277806
761,15.22,0.3320511576277806
762,15.24,0.3320511576277806
763,15.26,0.3320511576277806
764,15.28,0.3320511576277806
765,15.3,0.3320511576277806
766,15.32,0.3320511576277806
767,15.34,0.3320511576277806
768,15.36,0.3320511576277806
769,15.38,0.3320511576277806
770,15.4,0.3320511576277806
771,15.42,0.3320511576277806
772,15.44,0.33081480187413687
773,15.46,0.33202183138492
774,15.48,0.32916113577511275
775,15.5,0.3325783458949871
776,15.52,0.3327119321973424
777,15.54,0.3327119321973424
778,15.56,0.3327119321973424
779,15.58,0.3327119321973424
780,15.6,0.3327119321973424
781,15.62,0.3327119321973424
782,15.64,0.3327119321973424
783,15.66,0.3327119321973424
784,15.68,0.3327119321973424
785,15.7,0.3327119321973424
786,15.72,0.3327119321973424
787,15.74,0.3327119321973424
788,15.76,0.3327119321973424
789,15.78,0.3327119321973424
790,15.8,0.3327119321973424
791,15.82,0.3327119321973424
792,15.84,0.3327119321973424
793,15.86,0.3327119321973424
794,15.88,0.3327119321973424
795,15.9,0.3327119321973424
796,15.92,0.3327119321973424
797,15.94,0.3327119321973424
798,15.96,0.3327119321973424
799,15.98,0.33260818721108526
800,16.0,0.332673192826354
801,16.02,0.33097437695828513
802,16.04,0.33006050502575096
803,16.06,0.33350874979282985
804,16.08,0.33350874979282985
805,16.1,0.33350874979282985
806,16.12,0.33350874979282985
807,16.14,0.33350874979282985
808,16.16,0.33350874979282985
809,16.18,0.33350874979282985
810,16.2,0.33350874979282985
811,16.22,0.33350874979282985
812,16.24,0.33350874979282985
813,16.26,0.33350874979282985
814,16.28,0.33350874979282985
815,16.3,0.33350874979282985
816,16.32,0.33350874979282985
817,16.34,0.33350874979282985
818,16.36,0.33350874979282985
819,16.38,0.33350874979282985
820,16.4,0.33350874979282985
821,16.42,0.33350874979282985
822,16.44,0.33350874979282985
823,16.46,0.33350874979282985
824,16.48,0.33350874979282985
825,16.5,0.33350874979282985
826,16.52,0.33350874979282985
827,16.54,0.33114609590978666
828,16.56,0.33254551316383124
829,16.58,0.32998829025552084
830,16.6,0.33400482549138455
831,16.62,0.33411645771483794
832,16.64,0.33411645771483794
833,16.66,0.33411645771483794
834,16.68,0.33411645771483794
835,16.7,0.33411645771483794
836,16.72,0.33411645771483794
837,16.74,0.33411645771483794
838,16.76,0.33411645771483794
839,16.78,0.33411645771483794
840,16.8,0.33411645771483794
841,16.82,0.33411645771483794
842,16.84,0.33411645771483794
843,16.86,0.33411645771483794
844,16.88,0.33411645771483794
845,16.9,0.33411645771483794
846,16.92,0.33411645771483794
847,16.94,0.33411645771483794
848,16.96,0.33411645771483794
849,16.98,0.33411645771483794
850,17.0,0.33411645771483794
851,17.02,0.33411645771483794
852,17.04,0.33411645771483794
853,17.06,0.33411645771483794
854,17.08,0.3341306103409184
855,17.1,0.3328769654302739
856,17.12,0.33344360664657585
857,17.14,0.33120702214124564
858,17.16,0.3345888473886565
859,17.18,0.3345888473886565
860,17.2,0.3345888473886565
861,17.22,0.3345888473886565
862,17.24,0.3345888473886565
863,17.26,0.3345888473886565
864,17.28,0.3345888473886565
865,17.3,0.3345888473886565
866,17.32,0.3345888473886565
867,17.34,0.3345888473886565
868,17.36,0.3345888473886565
869,17.38,0.3345888473886565
870,17.4,0.3345888473886565
871,17.42,0.3345888473886565
872,17.44,0.3345888473886565
873,17.46,0.3345888473886565
874,17.48,0.3345888473886565
875,17.5,0.3345888473886565
876,17.52,0.3345888473886565
877,17.54,0.3345888473886565
878,17.56,0.3345888473886565
879,17.58,0.3345888473886565
880,17.6,0.3345888473886565
881,17.62,0.3345888473886565
882,17.64,0.33275865420770107
883,17.66,0.3342223575160603
884,17.68,0.3314867161931057
885,17.7,0.33514445931016273
886,17.72,0.3352462174720889
887,17.74,0.3352462174720889
888,17.76,0.3352462174720889
889,17.78,0.3352462174720889
890,17.8,0.3352462174720889
891,17.82,0.3352462174720889
892,17.84,0.3352462174720889
893,17.86,0.3352462174720889
894,17.88,0.3352462174720889
895,17.9,0.3352462174720889
896,17.92,0.3352462174720889
897,17.94,0.3352462174720889
898,17.96,0.3352462174720889
899,17.98,0.3352462174720889
900,18.0,0.3352462174720889
901,18.02,0.3352462174720889
902,18.04,0.3352462174720889
903,18.06,0.3352462174720889
904,18.08,0.3352462174720889
905,18.1,0.3352462174720889
906,18.12,0.3352462174720889
907,18.14,0.3352462174720889
908,18.16,0.3352462174720889
909,18.18,0.33508695927661325
910,18.2,0.3341437641376894
911,18.22,0.3337291697607117
912,18.24,0.3357821813120791
913,18.26,0.3357821813120791
914,18.28,0.3357821813120791
915,18.3,0.3357821813120791
916,18.32,0.3357821813120791
917,18.34,0.3357821813120791
918,18.36,0.3357821813120791
919,18.38,0.3357821813120791
920,18.4,0.3357821813120791
921,18.42,0.3357821813120791
922,18.44,0.3357821813120791
923,18.46,0.3357821813120791
924,18.48,0.3357821813120791
925,18.5,0.3357821813120791
926,18.52,0.3357821813120791
927,18.54,0.3357821813120791
928,18.56,0.3357821813120791
929,18.58,0.3357821813120791
930,18.6,0.3357821813120791
931,18.62,0.3357821813120791
932,18.64,0.3357821813120791
933,18.66,0.3357821813120791
934,18.68,0.3357821813120791
935,18.7,0.3357821813120791
936,18.72,0.3357821813120791
937,18.74,0.33412769654858687
938,18.76,0.33570471598747753
939,18.78,0.3328304873214405
940,18.8,0.33632402263482103
941,18.82,0.3364124667296877
942,18.84,0.3364124667296877
943,18.86,0.3364124667296877
944,18.88,0.3364124667296877
945,18.9,0.3364124667296877
946,18.92,0.3364124667296877
947,18.94,0.3364124667296877
948,18.96,0.3364124667296877
949,18.98,0.3364124667296877
950,19.0,0.3364124667296877
951,19.02,0.3364124667296877
952,19.04,0.3364124667296877
953,19.06,0.3364124667296877
954,19.08,0.3364124667296877
955,19.1,0.3364124667296877
956,19.12,0.3364124667296877
957,19.14,0.3364124667296877
958,19.16,0.3364124667296877
959,19.18,0.3364124667296877
960,19.2,0.3364124667296877
961,19.22,0.3364124667296877
962,19.24,0.3364124667296877
963,19.26,0.3364124667296877
964,19.28,0.33629306904955714
965,19.3,0.3361844470669792
966,19.32,0.33583505129753477
967,19.34,0.33414076705485046
968,19.36,0.33725449570088956
969,19.38,0.33725449570088956
970,19.4,0.33725449570088956
971,19.42,0.33725449570088956
972,19.44,0.33725449570088956
973,19.46,0.33725449570088956
974,19.48,0.33725449570088956
975,19.5,0.33725449570088956
976,19.52,0.33725449570088956
977,19.54,0.33725449570088956
978,19.56,0.33725449570088956
979,19.58,0.33725449570088956
980,19.6,0.33725449570088956
981,19.62,0.33725449570088956
982,19.64,0.33725449570088956
983,19.66,0.33725449570088956
984,19.68,0.33725449570088956
985,19.7,0.33725449570088956
986,19.72,0.33725449570088956
987,19.74,0.33725449570088956
988,19.76,0.33725449570088956
989,19.78,0.33725449570088956
990,19.8,0.33725449570088956
991,19.82,0.33725449570088956
992,19.84,0.33587007711740036
993,19.86,0.3374094220996547
994,19.88,0.3344045447357223
995,19.9,0.33784234101994115
996,19.92,0.33792130919917923
997,19.94,0.33792130919917923
998,19.96,0.33792130919917923
999,19.98,0.33792130919917923
1000,20.0,0.33792130919917923
1001,20.02,0.33792130919917923
1002,20.04,0.33792130919917923
1003,20.06,0.33792130919917923
1004,20.08,0.33792130919917923
1005,20.1,0.33792130919917923
1006,20.12,0.33792130919917923
1007,20.14,0.33792130919917923
1008,20.16,0.33792130919917923
1009,20.18,0.33792130919917923
1010,20.2,0.33792130919917923
1011,20.22,0.33792130919917923
1012,20.24,0.33792130919917923
1013,20.26,0.33792130919917923
1014,20.28,0.33792130919917923
1015,20.3,0.33792130919917923
1016,20.32,0.33792130919917923
1017,20.34,0.33792130919917923
1018,20.36,0.33792130919917923
1019,20.38,0.3374034918604008
1020,20.4,0.33810183131473154
1021,20.42,0.3385956756393382
1022,20.44,0.3356230044952141
1023,20.46,0.33864526583242494
1024,20.48,0.33864526583242494
1025,20.5,0.33864526583242494
1026,20.52,0.33864526583242494
1027,20.54,0.33864526583242494
1028,20.56,0.33864526583242494
1029,20.58,0.33864526583242494
1030,20.6,0.33864526583242494
1031,20.62,0.33864526583242494
1032,20.64,0.33864526583242494
1033,20.66,0.33864526583242494
1034,20.68,0.33864526583242494
1035,20.7,0.33864526583242494
1036,20.72,0.33864526583242494
1037,20.74,0.33864526583242494
1038,20.76,0.33864526583242494
1039,20.78,0.33864526583242494
1040,20.8,0.33864526583242494
1041,20.82,0.33864526583242494
1042,20.84,0.33864526583242494
1043,20.86,0.33864526583242494
1044,20.88,0.33864526583242494
1045,20.9,0.33864526583242494
1046,20.92,0.33864526583242494
1047,20.94,0.33744617366243035
1048,20.96,0.33903705627199043
1049,20.98,0.3359590648964722
1050,21.0,0.33936188025735375
1051,21.02,0.33943393820602563
1052,21.04,0.33943393820602563
1053,21.06,0.33943393820602563
1054,21.08,0.33943393820602563
1055,21.1,0.33943393820602563
1056,21.12,0.33943393820602563
1057,21.14,0.33943393820602563
1058,21.16,0.33943393820602563
1059,21.18,0.33943393820602563
1060,21.2,0.33943393820602563
1061,21.22,0.33943393820602563
1062,21.24,0.33943393820602563
1063,21.26,0.33943393820602563
1064,21.28,0.33943393820602563
1065,21.3,0.33943393820602563
1066,21.32,0.33943393820602563
1067,21.34,0.33943393820602563
1068,21.36,0.33943393820602563
1069,21.38,0.33943393820602563
1070,21.4,0.33943393820602563
1071,21.42,0.33943393820602563
1072,21.44,0.33943393820602563
1073,21.46,0.33943393820602563
1074,21.48,0.33944883585125013
1075,21.5,0.33969308844577245
1076,21.52,0.3403256769217631
1077,21.54,0.33730301723675005
1078,21.56,0.3402287612564646
1079,21.58,0.3402287612564646
1080,21.6,0.3402287612564646
1081,21.62,0.3402287612564646
1082,21.64,0.3402287612564646
1083,21.66,0.3402287612564646
1084,21.68,0.3402287612564646
1085,21.7,0.3402287612564646
1086,21.72,0.3402287612564646
1087,21.74,0.3402287612564646
1088,21.76,0.3402287612564646
1089,21.78,0.3402287612564646
1090,21.8,0.3402287612564646
1091,21.82,0.3402287612564646
1092,21.84,0.3402287612564646
1093,21.86,0.3402287612564646
1094,21.88,0.3402287612564646
1095,21.9,0.3402287612564646
1096,21.92,0.3402287612564646
1097,21.94,0.3402287612564646
1098,21.96,0.3402287612564646
1099,21.98,0.3402287612564646
1100,22.0,0.3402287612564646
1101,22.02,0.3402287612564646
1102,22.04,0.33917652855576197
1103,22.06,0.34099303331524106
1104,22.08,0.33773898151423787
1105,22.1,0.34102329445419877
1106,22.12,0.3410854122927557
1107,22.14,0.3410854122927557
1108,22.16,0.3410854122927557
1109,22.18,0.3410854122927557
1110,22.2,0.3410854122927557
1111,22.22,0.3410854122927557
1112,22.24,0.3410854122927557
1113,22.26,0.3410854122927557
1114,22.28,0.3410854122927557
1115,22.3,0.3410854122927557
1116,22.32,0.3410854122927557
1117,22.34,0.3410854122927557
1118,22.36,0.3410854122927557
1119,22.38,0.3410854122927557
1120,22.4,0.3410854122927557
1121,22.42,0.3410854122927557
1122,22.44,0.3410854122927557
1123,22.46,0.3410854122927557
1124,22.48,0.3410854122927557
1125,22.5,0.3410854122927557
1126,22.52,0.3410854122927557
1127,22.54,0.3410854122927557
1128,22.56,0.3410854122927557
1129,22.58,0.3402260809221033
1130,22.6,0.34105028715694574
1131,22.62,0.34104508974760356
1132,22.64,0.33875557729010575
1133,22.66,0.34181292246008915
1134,22.68,0.34181292246008915
1135,22.7,0.34181292246008915
1136,22.72,0.34181292246008915
1137,22.74,0.34181292246008915
1138,22.76,0.34181292246008915
1139,22.78,0.34181292246008915
1140,22.8,0.34181292246008915
1141,22.82,0.34181292246008915
1142,22.84,0.34181292246008915
1143,22.86,0.34181292246008915
1144,22.88,0.34181292246008915
1145,22.9,0.34181292246008915
1146,22.92,0.34181292246008915
1147,22.94,0.34181292246008915
1148,22.96,0.34181292246008915
1149,22.98,0.34181292246008915
1150,23.0,0.34181292246008915
1151,23.02,0.34181292246008915
1152,23.04,0.34181292246008915
1153,23.06,0.34181292246008915
1154,23.08,0.34181292246008915
1155,23.1,0.34181292246008915
1156,23.12,0.34181292246008915
1157,23.14,0.34078776793486876
1158,23.16,0.3425415499651873
1159,23.18,0.3392320886204658
1160,23.2,0.3425222406153
1161,23.22,0.3425757200328027
1162,23.24,0.3425757200328027
1163,23.26,0.3425757200328027
1164,23.28,0.3425757200328027
1165,23.3,0.3425757200328027
1166,23.32,0.3425757200328027
1167,23.34,0.3425757200328027
1168,23.36,0.3425757200328027
1169,23.38,0.3425757200328027
1170,23.4,0.3425757200328027
1171,23.42,0.3425757200328027
1172,23.44,0.3425757200328027
1173,23.46,0.3425757200328027
1174,23.48,0.3425757200328027
1175,23.5,0.3425757200328027
1176,23.52,0.3425757200328027
1177,23.54,0.3425757200328027
1178,23.56,0.3425757200328027
1179,23.58,0.3425757200328027
1180,23.6,0.3425757200328027
1181,23.62,0.3425757200328027
1182,23.64,0.3425757200328027
1183,23.66,0.3425757200328027
1184,23.68,0.34231086959225077
1185,23.7,0.34154793845848436
1186,23.72,0.3433367473108998
1187,23.74,0.3407374009578019
1188,23.76,0.3432004740598198
1189,23.78,0.3432004740598198
1190,23.8,0.3432004740598198
1191,23.82,0.3432004740598198
1192,23.84,0.3432004740598198
1193,23.86,0.3432004740598198
1194,23.88,0.3432004740598198
1195,23.9,0.3432004740598198
1196,23.92,0.3432004740598198
1197,23.94,0.3432004740598198
1198,23.96,0.3432004740598198
1199,23.98,0.3432004740598198
1200,24.0,0.3432004740598198
1201,24.02,0.3432004740598198
1202,24.04,0.3432004740598198
1203,24.06,0.3432004740598198
1204,24.08,0.3432004740598198
1205,24.1,0.3432004740598198
1206,24.12,0.3432004740598198
1207,24.14,0.3432004740598198
1208,24.16,0.3432004740598198
1209,24.18,0.3432004740598198
1210,24.2,0.3432004740598198
1211,24.22,0.3432004740598198
1212,24.24,0.3422137613489363
1213,24.26,0.3439075828262705
1214,24.28,0.3405947781236645
1215,24.3,0.3438540321359762
1216,24.32,0.3438948884472717
1217,24.34,0.3438948884472717
1218,24.36,0.3438948884472717
1219,24.38,0.3438948884472717
1220,24.4,0.3438948884472717
1221,24.42,0.3438948884472717
1222,24.44,0.3438948884472717
1223,24.46,0.3438948884472717
1224,24.48,0.3438948884472717
1225,24.5,0.3438948884472717
1226,24.52,0.3438948884472717
1227,24.54,0.3438948884472717
1228,24.56,0.3438948884472717
1229,24.58,0.3438948884472717
1230,24.6,0.3438948884472717
1231,24.62,0.3438948884472717
1232,24.64,0.3438948884472717
1233,24.66,0.3438948884472717
1234,24.68,0.3438948884472717
1235,24.7,0.3438948884472717
1236,24.72,0.3438948884472717
1237,24.74,0.3438948884472717
1238,24.76,0.3438948884472717
1239,24.78,0.34371894917976625
1240,24.8,0.34380409891115327
1241,24.82,0.34303112455558005
1242,24.84,0.344317588621312
1243,24.86,0.344317588621312
1244,24.88,0.344317588621312
1245,24.9,0.344317588621312
1246,24.92,0.344317588621312
1247,24.94,0.344317588621312
1248,24.96,0.344317588621312
1249,24.98,0.344317588621312
1250,25.0,0.344317588621312
1251,25.02,0.3447956644621952
1252,25.04,0.3447699167412283
1253,25.06,0.3445678285690455
1254,25.08,0.34465658416474243
1255,25.1,0.3447770688194424
1256,25.12,0.3447901951196071
1257,25.14,0.34460089015937956
1258,25.16,0.3444196957800738
1259,25.18,0.3441925341726532
1260,25.2,0.3441911045888032
1261,25.22,0.34410466061064
1262,25.24,0.34396399489669505
1263,25.26,0.34409944730224157
1264,25.28,0.34429218961298574
1265,25.3,0.34428806864265926
1266,25.32,0.34422591974136535
1267,25.34,0.343313053587067
1268,25.36,0.3449139778718456
1269,25.38,0.3413568144209034
1270,25.4,0.3441941319452571
1271,25.42,0.3443981632547339
1272,25.44,0.3445784283491912
1273,25.46,0.3449143144875749
1274,25.48,0.34508002733785975
1275,25.5,0.3453333206040817
1276,25.52,0.3450051207186151
1277,25.54,0.3445284589407289
1278,25.56,0.3444728561873178
1279,25.58,0.3447561175819354
1280,25.6,0.3447227984456969
1281,25.62,0.3447166564028804
1282,25.64,0.3447218729299818
1283,25.66,0.34465330301197467
1284,25.68,0.34464480571767
1285,25.7,0.34453569341430684
1286,25.72,0.344273855630396
1287,25.74,0.3441421635978445
1288,25.76,0.3442262561255631
1289,25.78,0.3441322411460113
1290,25.8,0.3441358569433284
1291,25.82,0.3443312135207636
1292,25.84,0.3444443409972403
1293,25.86,0.3443841168962856
1294,25.88,0.34411365783583564
1295,25.9,0.34502843375039144
1296,25.92,0.34518860981475946
1297,25.94,0.3418760961528977
1298,25.96,0.34445552827577225
1299,25.98,0.344610228363777
1300,26.0,0.3448503595333926
1301,26.02,0.3452110853350645
1302,26.04,0.34549202986783956
1303,26.06,0.3453955383693866
1304,26.08,0.3450094971307964
1305,26.1,0.34459954411908955
1306,26.12,0.34515435034931047
1307,26.14,0.34518835728369324
1308,26.16,0.3448700504913783
1309,26.18,0.34468796599022977
1310,26.2,0.3445237481488606
1311,26.22,0.34448118378561254
1312,26.24,0.344452752473184
1313,26.26,0.34441305092786906
1314,26.28,0.3442022049406072
1315,26.3,0.34421389408062514
1316,26.32,0.3441472930395146
1317,26.34,0.3440849847179998
1318,26.36,0.34415301113665214
1319,26.38,0.3443439975458442
1320,26.4,0.3443638467507595
1321,26.42,0.3442812564636447
1322,26.44,0.3433301936715471
1323,26.46,0.34495916954703537
1324,26.48,0.3414430211801416
1325,26.5,0.3440741379170823
1326,26.52,0.3442302086483633
1327,26.54,0.3444010230165557
1328,26.56,0.3448639075440696
1329,26.58,0.34494696675189834
1330,26.6,0.34522093431774953
1331,26.62,0.344978694328989
1332,26.64,0.34468098281786724
1333,26.66,0.3445131489482941
1334,26.68,0.34473146467986404
1335,26.7,0.34464379614294754
1336,26.72,0.344586083815839
1337,26.74,0.34464085155582896
1338,26.76,0.3446180523318966
1339,26.78,0.3447551920353824
1340,26.8,0.3448474984862885
1341,26.82,0.3446546491246283
1342,26.84,0.34447041680296997
1343,26.86,0.34441725652540106
1344,26.88,0.3442366840918199
1345,26.9,0.3440468953080295
1346,26.92,0.34413526832426955
1347,26.94,0.3442113712330875
1348,26.96,0.34418698403502324
1349,26.98,0.34382149960039504
1350,27.0,0.34417209972709256
1351,27.02,0.34325793844388114
1352,27.04,0.34431834555530033
1353,27.06,0.34417706113845364
1354,27.08,0.344346604834182
1355,27.1,0.3445716141919139
1356,27.12,0.3449761695512413
1357,27.14,0.3454203760415152
1358,27.16,0.34530343387940055
1359,27.18,0.3447827905188436
1360,27.2,0.3443551837018561
1361,27.22,0.34472170465448926
1362,27.24,0.3447469462948134
1363,27.26,0.34442516309664384
1364,27.28,0.34440968646257814
1365,27.3,0.34443752775359093
1366,27.32,0.34439412595784935
1367,27.34,0.3443032069843934
1368,27.36,0.3443238123177832
1369,27.38,0.34419169324072924
1370,27.4,0.3441055014693786
1371,27.42,0.34404832468573504
1372,27.44,0.3439729067816088
1373,27.46,0.3440253708084427
1374,27.48,0.3440912910516895
1375,27.5,0.3440932250019892
1376,27.52,0.3442043913880637
1377,27.54,0.34336044159613843
1378,27.56,0.3450030166811147
1379,27.58,0.34139564008624407
1380,27.6,0.3440374782824521
1381,27.62,0.3441633542483591
1382,27.64,0.3445103729857579
1383,27.66,0.34493047217583866
1384,27.68,0.34516226275060957
1385,27.7,0.3454875671411857
1386,27.72,0.3450432466450144
1387,27.74,0.3444691550547802
1388,27.76,0.344246691677821
1389,27.78,0.34442659301513956
1390,27.8,0.34439791092320104
1391,27.82,0.3443902568969635
1392,27.84,0.34442718180570264
1393,27.86,0.34441961166774465
1394,27.88,0.34450700819301483
1395,27.9,0.3445584066365714
1396,27.92,0.3444344996602026
1397,27.94,0.3443011885255879
1398,27.96,0.3442514011647117
1399,27.98,0.34415116116047084
1400,28.0,0.34401200230951284
1401,28.02,0.3441322411460113
1402,28.04,0.3441675587958962
1403,28.06,0.3442206217051757
1404,28.08,0.34352841824716707
1405,28.1,0.34525713226699145
1406,28.12,0.34552739557578266
1407,28.14,0.3416783665694232
1408,28.16,0.3442929465277489
1409,28.18,0.34445418243113085
1410,28.2,0.3447503118949966
1411,28.22,0.34505258898116026
1412,28.24,0.3452241331535076
1413,28.26,0.3451271624688112
1414,28.28,0.3447307915716075
1415,28.3,0.34413846368903933
1416,28.32,0.3445962631534732
1417,28.34,0.3446021520737969
1418,28.36,0.34451390603032317
1419,28.38,0.3443869766179384
1420,28.4,0.3444584723172401
1421,28.42,0.34436443550437934
1422,28.44,0.34431994352893497
1423,28.46,0.34438201416499353
1424,28.48,0.34422482649350394
1425,28.5,0.3441636065207128
1426,28.52,0.3440358807601254
1427,28.54,0.3438423472016536
1428,28.56,0.3439233879736856
1429,28.58,0.34393112249856067
1430,28.6,0.3439601274996514
1431,28.62,0.34399199193438773
1432,28.64,0.3431866965403816
1433,28.66,0.3448888161668688
1434,28.68,0.3414028519309097
1435,28.7,0.3441107988956906
1436,28.72,0.3442691460377554
1437,28.74,0.34451348542912513
1438,28.76,0.34478876468109587
1439,28.78,0.3448493497511271
1440,28.8,0.3451363372436839
1441,28.82,0.3448329409322219
1442,28.84,0.3444714262026681
1443,28.86,0.34441103224733616
1444,28.88,0.3444660427493854
1445,28.9,0.34452156100303655
1446,28.92,0.3443971539289846
1447,28.94,0.3444943903210626
1448,28.96,0.3444341632059477
1449,28.98,0.3445577336447916
1450,29.0,0.3446448898489428
1451,29.02,0.34448118378561254
1452,29.04,0.34442650890223026
1453,29.06,0.34429530137734266
1454,29.08,0.3440569850767001
1455,29.1,0.34402133501634846
1456,29.12,0.3441202166117586
1457,29.14,0.3441730247341236
1458,29.16,0.34421036209585454
1459,29.18,0.34411533956915086
1460,29.2,0.34514475454237636
1461,29.22,0.3452876910906415
1462,29.24,0.3419298766378277
1463,29.26,0.34418631129316124
1464,29.28,0.3443238123177832
1465,29.3,0.3445777553439368
1466,29.32,0.34502338395010335
1467,29.34,0.3452813772075626
1468,29.36,0.34525166039990235
1469,29.38,0.3450487173718068
1470,29.4,0.34454402153590336
1471,29.42,0.34486441244242505
1472,29.44,0.3447291088029485
1473,29.46,0.3445374599797589
1474,29.48,0.34452307518040526
1475,29.5,0.344509027067302
1476,29.52,0.3444716785527518
1477,29.54,0.344600048883986
1478,29.56,0.3446176316868922
1479,29.58,0.34429858135566066
1480,29.6,0.34410600598496116
1481,29.62,0.34409944730224157
1482,29.64,0.34393700750321493
1483,29.66,0.3439618930486202
1484,29.68,0.344017719633095
1485,29.7,0.3440756514171241
1486,29.72,0.3442199489406839
1487,29.74,0.34328574768675557
1488,29.76,0.3449573180788803
1489,29.78,0.341489985187683
1490,29.8,0.344290087074983
1491,29.82,0.3443326433049253
1492,29.84,0.34464875989514643
1493,29.86,0.34494831325991476
1494,29.88,0.345168828407727
1495,29.9,0.345357904157009
1496,29.92,0.3452047719356453
1497,29.94,0.34469806222926164
1498,29.96,0.3446141824045306
1499,29.98,0.34460248858457715
1500,30.0,0.3442476167538527
1501,30.02,0.3447290246645899
1502,30.04,0.3449863528604847
1503,30.06,0.3445978615712749
1504,30.08,0.34463109241479617
1505,30.1,0.34458684095308784
1506,30.12,0.3444395464876106
1507,30.14,0.34436460371976296
1508,30.16,0.344362585137027
1509,30.18,0.3443061505774545
1510,30.2,0.34421448274596644
1511,30.22,0.3441787429783998
1512,30.24,0.34422230361838535
1513,30.26,0.34437822925980993
1514,30.28,0.34392759151239205
1515,30.3,0.3434502665203507
1516,30.32,0.3451025845876103
1517,30.34,0.3423838118902566
1518,30.36,0.34428192926938334
1519,30.38,0.34424660758004244
1520,30.4,0.3443169998952728
1521,30.42,0.34447251972015747
1522,30.44,0.3446155284645245
1523,30.46,0.3449747388466805
1524,30.48,0.34510839232010027
1525,30.5,0.3449988086193948
1526,30.52,0.3445593320010082
1527,30.54,0.34402234396284503
1528,30.56,0.3438824464308528
1529,30.58,0.34396391082268724
1530,30.6,0.34405706915853335
1531,30.62,0.3441821907591322
1532,30.64,0.34432078456871573
1533,30.66,0.3442313019021087
1534,30.68,0.34395264496957356
1535,30.7,0.34388009255326857
1536,30.72,0.3438630271064835
1537,30.74,0.3437605564842271
1538,30.76,0.3439035475095151
1539,30.78,0.34396281786122884
1540,30.8,0.3440445410433214
1541,30.82,0.3440299951735745
1542,30.84,0.3433107010493807
1543,30.86,0.3450546089572081
1544,30.88,0.34145845196789903
1545,30.9,0.3441036515810869
1546,30.92,0.3441256822912219
1547,30.94,0.34431203778957115
1548,30.96,0.3445681650682757
1549,30.98,0.3448077812661644
1550,31.0,0.34499199159698785
1551,31.02,0.3451276675001012
1552,31.04,0.3450986286152267
1553,31.06,0.34488124253348146
1554,31.08,0.34445014490807446
1555,31.1,0.34406892476780526
1556,31.12,0.3441325774986986
1557,31.14,0.34436603355166623
1558,31.16,0.3446321019766933
1559,31.18,0.34477547011516724
1560,31.2,0.3447323902044565
1561,31.22,0.34448707202828
1562,31.24,0.34433483003759735
1563,31.26,0.3442918532066082
1564,31.28,0.3441188712183187
1565,31.3,0.34399064671344926
1566,31.32,0.34403503995992585
1567,31.34,0.3441056696412112
1568,31.36,0.34419295463888044
1569,31.38,0.3441551974765515
1570,31.4,0.34514475454237636
1571,31.42,0.34526378273037844
1572,31.44,0.34188540894712777
1573,31.46,0.3442254992612772
1574,31.48,0.3442885732503582
1575,31.5,0.34443862123401237
1576,31.52,0.3447492180736946
1577,31.54,0.3448628977481234
1578,31.56,0.345131960276364
1579,31.58,0.34521058026164414
1580,31.6,0.34507253642343516
1581,31.62,0.3447551920353824
1582,31.64,0.34423289973665583
1583,31.66,0.3441226551419821
1584,31.68,0.34426334317732443
1585,31.7,0.34428394768931514
1586,31.72,0.34428840504776365
1587,31.74,0.344235843122768
1588,31.76,0.3441138260090399
1589,31.78,0.34406236632828424
1590,31.8,0.3439973728362379
1591,31.82,0.3439365871445911
1592,31.84,0.34382107929032313
1593,31.86,0.3438922823364213
1594,31.88,0.343918259680392
1595,31.9,0.34388891962277907
1596,31.92,0.34400510793337413
1597,31.94,0.3432462604727579
1598,31.96,0.34501513599780587
1599,31.98,0.3414925011789035
1600,32.0,0.3441320729697101
1601,32.02,0.34419976621639164
1602,32.04,0.344470669152799
1603,32.06,0.3446251191944265
1604,32.08,0.34471615157912117
1605,32.1,0.344917764805334
1606,32.12,0.345021616526027
1607,32.14,0.34507127391529374
1608,32.16,0.3449501647113978
1609,32.18,0.34456286521855245
1610,32.2,0.3442718372308341
1611,32.22,0.34441069580097683
1612,32.24,0.3443581274479197
1613,32.26,0.344460743440866
1614,32.28,0.34459853459006107
1615,32.3,0.34454948953224573
1616,32.32,0.34436679052232505
1617,32.34,0.344355688343423
1618,32.36,0.34434298827476434
1619,32.38,0.34420943705428564
1620,32.4,0.344036889721298
1621,32.42,0.343983668408873
1622,32.44,0.344001744840311
1623,32.46,0.3442647728644494
1624,32.48,0.3440646365524816
1625,32.5,0.3448458155212274
1626,32.52,0.3445158407981127
1627,32.54,0.34185403104968703
1628,32.56,0.3442429072847846
1629,32.58,0.3443032069843934
1630,32.6,0.3444150696124771
1631,32.62,0.34462697004762755
1632,32.64,0.34485288399351754
1633,32.66,0.3451750574043282
1634,32.68,0.3453636291807502
1635,32.7,0.34518431679530653
1636,32.72,0.34486710523795966
1637,32.74,0.34421540779220283
1638,32.76,0.34397761497928653
1639,32.78,0.34416940880241303
1640,32.8,0.34419892527838597
1641,32.82,0.34425299903137446
1642,32.84,0.34442903229258653
1643,32.86,0.34442289205382376
1644,32.88,0.3440361330003231
1645,32.9,0.3438817738938348
1646,32.92,0.34387530074816386
1647,32.94,0.34373567594862536
1648,32.96,0.3438921982684424
1649,32.98,0.34394499435064163
1650,33.0,0.3439943460753845
1651,33.02,0.3441076036193185
1652,33.04,0.3432811267620075
1653,33.06,0.3449160817220131
1654,33.08,0.3413527055294095
1655,33.1,0.34411264879720405
1656,33.12,0.3440661500381431
1657,33.14,0.3443916026555738
1658,33.16,0.3445155884368844
1659,33.18,0.3447234715485732
1660,33.2,0.3449120423336006
1661,33.22,0.34495883291620677
1662,33.24,0.34500663562835654
1663,33.26,0.34490783465468816
1664,33.28,0.34451239186683813
1665,33.3,0.3443290267959999
1666,33.32,0.34452307518040526
1667,33.34,0.3446434596182666
1668,33.36,0.34470159593700483
1669,33.38,0.3448554926090084
1670,33.4,0.34479869364942345
1671,33.42,0.3445085223483481
1672,33.44,0.344278565245217
1673,33.46,0.3441432567553385
1674,33.48,0.3441640269747771
1675,33.5,0.344092468238383
1676,33.52,0.34418177029743086
1677,33.54,0.34431624296230307
1678,33.56,0.3444482943821216
1679,33.58,0.34380527575981634
1680,33.6,0.3453844247633285
1681,33.62,0.34555080499421464
1682,33.64,0.34165345390529905
1683,33.66,0.344158645176105
1684,33.68,0.34427444433103566
1685,33.7,0.3444321444827954
1686,33.72,0.3447176660511634
1687,33.74,0.34490202808686327
1688,33.76,0.3451882731066853
1689,33.78,0.3452026674780298
1690,33.8,0.34514366028953974
1691,33.82,0.3447109350818652
1692,33.84,0.34421860341305816
1693,33.86,0.3441226551419821
1694,33.88,0.3441704178983193
1695,33.9,0.34425762444926455
1696,33.92,0.3442471962646413
1697,33.94,0.3442741920307191
1698,33.96,0.34426082020503135
1699,33.98,0.34407354933435136
1700,34.0,0.3439956913012994
1701,34.02,0.3440616936702526
1702,34.04,0.34387395568419155
1703,34.06,0.343942135892654
1704,34.08,0.3439709730639844
1705,34.1,0.34401696292662637
1706,34.12,0.3441901795650481
1707,34.14,0.34337220492501785
1708,34.16,0.34504560326211714
1709,34.18,0.34147958582446086
1710,34.2,0.3442222195226577
1711,34.22,0.34432768112159895
1712,34.24,0.3445159249185363
1713,34.26,0.3446821606989432
1714,34.28,0.34485103272213613
1715,34.3,0.3449417490504598
1716,34.32,0.34509181091231295
1717,34.34,0.3451445020223847
1718,34.36,0.34500318500395183
1719,34.38,0.3445422549588599
1720,34.4,0.34423096551621357
1721,34.42,0.3443828552569798
1722,34.44,0.34429530137734266
1723,34.46,0.34465044252860216
1724,34.48,0.34474602075674876
1725,34.5,0.34468863906966063
1726,34.52,0.3445293001558978
1727,34.54,0.3443738556094392
1728,34.56,0.3443279334354112
1729,34.58,0.3441900954720219
1730,34.6,0.3440432798323648
1731,34.62,0.3441067627588123
1732,34.64,0.3441421635978445
1733,34.66,0.34432406463061926
1734,34.68,0.3439828276525725
1735,34.7,0.34423828193496686
1736,34.72,0.3432497050399881
1737,34.74,0.3442609043040052
1738,34.76,0.3440610210126734
1739,34.78,0.3441492270981224
1740,34.8,0.3442803313564933
1741,34.82,0.3446049282911205
1742,34.84,0.3448470777447577
1743,34.86,0.345140966749197
1744,34.88,0.34529408919949434
1745,34.9,0.34527438989009196
1746,34.92,0.3447956644621952
1747,34.94,0.3443451750300582
1748,34.96,0.3442241537261833
1749,34.98,0.3443684726813962
1750,35.0,0.3442994223774752
1751,35.02,0.3442793221496677
1752,35.04,0.34429715162019936
1753,35.06,0.34424744855814693
1754,35.08,0.3440769126689087
1755,35.1,0.34398501362042416
1756,35.12,0.3439786238816729
1757,35.14,0.34386100953596654
1758,35.16,0.3440002314521226
1759,35.18,0.34407018601110595
1760,35.2,0.34418076119006885
1761,35.22,0.3442357590259017
1762,35.24,0.3433584250393674
1763,35.26,0.3448913407240779
1764,35.28,0.34127556212936055
1765,35.3,0.3440533695645559
1766,35.32,0.34416284970384264
1767,35.34,0.34442726591866857
1768,35.36,0.34479659004620805
1769,35.38,0.3449877835816618
1770,35.4,0.3450368501408731
1771,35.42,0.34509458848937064
1772,35.44,0.34517118532079677
1773,35.46,0.3450288545682332
1774,35.48,0.34463925306930987
1775,35.5,0.3444094341281376
1776,35.52,0.344564211209472
1777,35.54,0.34423903880892764
1778,35.56,0.34460223620148134
1779,35.58,0.34469452853400545
1780,35.6,0.3446347100163116
1781,35.62,0.3443618281695515
1782,35.64,0.34429109629267257
1783,35.66,0.3442498873986495
1784,35.68,0.3442048118592765
1785,35.7,0.3441825271286206
1786,35.72,0.34432078456871573
1787,35.74,0.34428117236295924
1788,35.76,0.34432927911015165
1789,35.78,0.3440654773775663
1790,35.8,0.34466970888347426
1791,35.82,0.34430631878303397
1792,35.84,0.34179379495775464
1793,35.86,0.3441758838521744
1794,35.88,0.3442445892354771
1795,35.9,0.3443920232055109
1796,35.92,0.3446171269131205
1797,35.94,0.3448082019911619
1798,35.96,0.3450089921591826
1799,35.98,0.34511554681953666
1800,36.0,0.3449970412387529
1801,36.02,0.3447265846552694
1802,36.04,0.34419572972041385
1803,36.06,0.3440756514171241
1804,36.08,0.34420346635201793
1805,36.1,0.3442228922886771
1806,36.12,0.3442138099856047
1807,36.14,0.34425056018328315
1808,36.16,0.3441803407289686
1809,36.18,0.34394625543764545
1810,36.2,0.34398585437856255
1811,36.22,0.3440310882084576
1812,36.24,0.34387395568419155
1813,36.26,0.34389413183374445
1814,36.28,0.34396088416311343
1815,36.3,0.34400182891749975
1816,36.32,0.34405563976832865
1817,36.34,0.34321988052199315
1818,36.36,0.3449369521554149
1819,36.38,0.3414224751203853
1820,36.4,0.34428192926938334
1821,36.42,0.3443522399644581
1822,36.44,0.34471043026099424
1823,36.46,0.344804415472557
1824,36.48,0.34481821529834095
1825,36.5,0.3447970107664971
1826,36.52,0.3448628977481234
1827,36.54,0.3448993351972871
1828,36.56,0.3448260408939192
1829,36.58,0.3445062511162079
1830,36.6,0.3441320729697101
1831,36.62,0.34426359547490387
1832,36.64,0.3443721734413131
1833,36.66,0.34459988062899216
1834,36.68,0.3446893121495445
1835,36.7,0.3446922568793633
1836,36.72,0.34450086747544423
1837,36.74,0.34436317388990406
1838,36.76,0.34432204612971307
1839,36.78,0.34423903880892764
1840,36.8,0.3440827985316039
1841,36.82,0.3440861618972696
1842,36.84,0.34401393610647796
1843,36.86,0.344241898115727
1844,36.88,0.34431414037372665
1845,36.9,0.3451831383226023
1846,36.92,0.3452500609367161
1847,36.94,0.3418057915502175
1848,36.96,0.3442028776931616
1849,36.98,0.34431624296230307
1850,37.0,0.34448093143313013
1851,37.02,0.3448022277127872
1852,37.04,0.34503592433445274
1853,37.06,0.3453194294801033
1854,37.08,0.345438141670183
1855,37.1,0.34524913493288284
1856,37.12,0.3449356056626962
1857,37.14,0.3442568675612367
1858,37.16,0.3440972610842275
1859,37.18,0.34432330769230196
1860,37.2,0.34453771234650676
1861,37.22,0.34469814636501517
1862,37.24,0.3447328108977363
1863,37.26,0.344663314768215
1864,37.28,0.34425005559476546
1865,37.3,0.3440399166109238
1866,37.32,0.34405362180916504
1867,37.34,0.3439053970276733
1868,37.36,0.34406345939855076
1869,37.38,0.34413240932234085
1870,37.4,0.34416503606525256
1871,37.42,0.3443073280171051
1872,37.44,0.34339102653905146
1873,37.46,0.34511563099042286
1874,37.48,0.3415929782690232
1875,37.5,0.3444005183521105
1876,37.52,0.34448438025590133
1877,37.54,0.34462570810189164
1878,37.56,0.3447344936726251
1879,37.58,0.3449526052663173
1880,37.6,0.3451770776277747
1881,37.62,0.34520224658703813
1882,37.64,0.3452460201990093
1883,37.66,0.34499914526368075
1884,37.68,0.34463067176430656
1885,37.7,0.3444049762301877
1886,37.72,0.3446645767614094
1887,37.74,0.34462755895618263
1888,37.76,0.3446352147989588
1889,37.78,0.34482317991639094
1890,37.8,0.3447600721995841
1891,37.82,0.34449270795016484
1892,37.84,0.3443193548015093
1893,37.86,0.3443337366706636
1894,37.88,0.34422078989636934
1895,37.9,0.344081957691955
1896,37.92,0.34416369061151153
1897,37.94,0.34430034750228805
1898,37.96,0.3444195275554226
1899,37.98,0.34372449672033906
1900,38.0,0.3452142841393173
1901,38.02,0.34552941651115715
1902,38.04,0.34174237063616886
1903,38.06,0.3444417334540641
1904,38.08,0.3444285276140059
1905,38.1,0.3445541163217348
1906,38.12,0.3448178787149585
1907,38.14,0.3449863528604847
1908,38.16,0.3453800467100053
1909,38.18,0.34551779618852796
1910,38.2,0.34533306803646885
1911,38.22,0.34497011011065476
1912,38.24,0.34457279194417356
1913,38.26,0.3443684726813962
1914,38.28,0.34452509408712995
1915,38.3,0.344525262329541
1916,38.32,0.34454233908150544
1917,38.34,0.3445695110663289
1918,38.36,0.34455176086259265
1919,38.38,0.3443692296539014
1920,38.4,0.3442503919870823
1921,38.42,0.3441374546253774
1922,38.44,0.3439792964838293
1923,38.46,0.34398980595128165
1924,38.48,0.34403731012208705
1925,38.5,0.3441266913430049
1926,38.52,0.34420489595354026
1927,38.54,0.3432959978142297
1928,38.56,0.3449887093435142
1929,38.58,0.34145132358526753
1930,38.6,0.34423651589795295
1931,38.62,0.34430682339994223
1932,38.64,0.34452307518040526
1933,38.66,0.3447436648455407
1934,38.68,0.34486104645820376
1935,38.7,0.34515460287178906
1936,38.72,0.345295941291276
1937,38.74,0.3453181666602191
1938,38.76,0.3451680708297057
1939,38.78,0.34462032381797775
1940,38.8,0.34432843806322666
1941,38.82,0.3444531730488385
1942,38.84,0.34439008867726456
1943,38.86,0.3446197349136835
1944,38.88,0.34478573552394415
1945,38.9,0.34480071311267335
1946,38.92,0.3446527140882585
1947,38.94,0.3445512561220697
1948,38.96,0.34448059496325273
1949,38.98,0.34432490567386603
1950,39.0,0.34427705143803417
1951,39.02,0.3443787339130067
1952,39.04,0.3443460160910599
1953,39.06,0.344553611580023
1954,39.08,0.34437318274184914
1955,39.1,0.3444320603694192
1956,39.12,0.3434315278205555
1957,39.14,0.3444772302707049
1958,39.16,0.3442003548734164
1959,39.18,0.3442389547117926
1960,39.2,0.3444876608544537
1961,39.22,0.34477395555557994
1962,39.24,0.3448926030050725
1963,39.26,0.3449910658320968
1964,39.28,0.34508760247692566
1965,39.3,0.3450568814351392
1966,39.32,0.34477471283508687
1967,39.34,0.3441251777657123
1968,39.36,0.34414418173568995
1969,39.38,0.3444660427493854
1970,39.4,0.34463109241479617
1971,39.42,0.34459988062899216
1972,39.44,0.3446482551056618
1973,39.46,0.34459272981792505
1974,39.48,0.34421456684104346
1975,39.5,0.3440661500381431
1976,39.52,0.3441053332975743
1977,39.54,0.34390514482045026
1978,39.56,0.3440588348786659
1979,39.58,0.34414931118771197
1980,39.6,0.34412938215273725
1981,39.62,0.34414300448811846
1982,39.64,0.343210555291866
1983,39.66,0.3449185221937526
1984,39.68,0.34142490708094225
1985,39.7,0.34414048181941786
1986,39.72,0.34424358006472217
1987,39.74,0.3444561170833724
1988,39.76,0.3446618845111867
1989,39.78,0.3448273872391177
1990,39.8,0.34494965976974423
1991,39.82,0.34503180029808383
1992,39.84,0.3450498956861102
1993,39.86,0.3450332310842851
1994,39.88,0.34469234101462837
1995,39.9,0.34454116136511115
1996,39.92,0.34469654778690856
1997,39.94,0.3448022277127872
1998,39.96,0.34479398158436664
1999,39.98,0.3448899101408769
2000,40.0,0.34488300970947466
2001,40.02,0.34469587470215446
2002,40.04,0.34451895325849835
2003,40.06,0.3443793226753915
2004,40.08,0.3443055618581491
2005,40.1,0.3442693142371106
2006,40.12,0.34428621841660817
2007,40.14,0.3443799955471129
2008,40.16,0.3444856420233017
2009,40.18,0.3444512384022926
2010,40.2,0.345211253692928
2011,40.22,0.34526277253055937
2012,40.24,0.34197996808408737
2013,40.26,0.3445078493901392
2014,40.28,0.344433406184288
2015,40.3,0.3445347680717441
2016,40.32,0.34474896565356405
2017,40.34,0.3449484815735443
2018,40.36,0.3453028445726825
2019,40.38,0.345435026347549
2020,40.4,0.3453104213998144
2021,40.42,0.34489024674850477
2022,40.44,0.3444011071273213
2023,40.46,0.34429059168370046
2024,40.48,0.3442747807315567
2025,40.5,0.34447958555429964
2026,40.52,0.3445043163669721
2027,40.54,0.3445725395685726
2028,40.56,0.34449607269479077
2029,40.58,0.3444307986696246
2030,40.6,0.34429631060029464
2031,40.62,0.34415872926648655
2032,40.64,0.3440129271684644
2033,40.66,0.34414115453044913
2034,40.68,0.34410415609573614
2035,40.7,0.34416562470183354
2036,40.72,0.34425821314034893
2037,40.74,0.34330137497229674
2038,40.76,0.3449043843711911
2039,40.78,0.34132100893391915
2040,40.8,0.34410180169621724
2041,40.82,0.34418345214529705
2042,40.84,0.3442775560401738
2043,40.86,0.3446125839606412
2044,40.88,0.34488805880094886
2045,40.9,0.34517556245980724
2046,40.92,0.34534628582722626
2047,40.94,0.3455577100352473
2048,40.96,0.3454181027374014
2049,40.98,0.34489285546146264
2050,41.0,0.34430152493510585
2051,41.02,0.3446999132174745
2052,41.04,0.34478270637596814
2053,41.06,0.3445198785864271
2054,41.08,0.34471531020675544
2055,41.1,0.34479170970379047
2056,41.12,0.3445918044225826
2057,41.14,0.3444759685139182
2058,41.16,0.34441919110620506
2059,41.18,0.3442756217333546
2060,41.2,0.34411693721841996
2061,41.22,0.3441805089133875
2062,41.24,0.34423214286734155
2063,41.26,0.34442726591866857
2064,41.28,0.34352833420977197
2065,41.3,0.3446591922682121
2066,41.32,0.34439614460425416
2067,41.34,0.34166209358047295
2068,41.36,0.34432759701700905
2069,41.38,0.3442664548519192
2070,41.4,0.3445424232041581
2071,41.42,0.34486373924467445
2072,41.44,0.3451114224547893
2073,41.46,0.3453746583629968
2074,41.48,0.3454055575595021
2075,41.5,0.3451349904824681
2076,41.52,0.3447435807059574
2077,41.54,0.3442043913880637
2078,41.56,0.34407523100021603
2079,41.58,0.3442662025536184
2080,41.6,0.3444279388226504
2081,41.62,0.34444610740131953
2082,41.64,0.34445922935787565
2083,41.66,0.34446276222175254
2084,41.68,0.3442196125586077
2085,41.7,0.34429075988666286
2086,41.72,0.3442208739919768
2087,41.74,0.3440932250019892
2088,41.76,0.344124757327982
2089,41.78,0.3441837885152097
2090,41.8,0.34427293053009106
2091,41.82,0.34435299692467564
2092,41.84,0.3435064847266615
2093,41.86,0.34518835728369324
2094,41.88,0.341647750082984
2095,41.9,0.34442230326578643
2096,41.92,0.34444223813930946
2097,41.94,0.34468670396751805
2098,41.96,0.344881999894239
2099,41.98,0.344917764805334
2100,42.0,0.34515611800799956
2101,42.02,0.34512918259550146
2102,42.04,0.34510923402325955
2103,42.06,0.3449499963974849
2104,42.08,0.3446208285933631
2105,42.1,0.3443460160910599
2106,42.12,0.34438966812814104
2107,42.14,0.34453451570573923
2108,42.16,0.34469351890908295
2109,42.18,0.3448277238257006
2110,42.2,0.3448602049639187
2111,42.22,0.34462932568392873
2112,42.24,0.34456353821378577
2113,42.26,0.34455176086259265
2114,42.28,0.3443981632547339
2115,42.3,0.34428815274392477
2116,42.32,0.3443179250363472
2117,42.34,0.3443115331700316
2118,42.36,0.34456160335371067
2119,42.38,0.34421010981170547
2120,42.4,0.3434595099545071
2121,42.42,0.3450273396248317
2122,42.44,0.3423278246345273
2123,42.46,0.3442948808680799
2124,42.48,0.34436275335209937
2125,42.5,0.34450633523582486
2126,42.52,0.3446943602631143
2127,42.54,0.3448342872867103
2128,42.56,0.3451603267317406
2129,42.58,0.3452914794396242
2130,42.6,0.3452100751884789
2131,42.62,0.34489209809248345
2132,42.64,0.3442929465277489
2133,42.66,0.3442629226815002
2134,42.68,0.34437974322016435
2135,42.7,0.3444075836775195
2136,42.72,0.3444561170833724
2137,42.74,0.34459954411908955
2138,42.76,0.3445705205660577
2139,42.78,0.3441910204956992
2140,42.8,0.34407615591764706
2141,42.82,0.34414149088613444
2142,42.84,0.3439349897834319
2143,42.86,0.34402402554260153
2144,42.88,0.3440639638929229
2145,42.9,0.34409776559565264
2146,42.92,0.34425022379090975
2147,42.94,0.34331616230606976
2148,42.96,0.3450646247320521
2149,42.98,0.34146784473789693
2150,43.0,0.3441452748953901
2151,43.02,0.3441688201636046
2152,43.04,0.3443672951697493
2153,43.06,0.34452189748669815
2154,43.08,0.34469015350003646
2155,43.1,0.3449069089677034
2156,43.12,0.3449175123426553
2157,43.14,0.34497440221061076
2158,43.16,0.34489714722984605
2159,43.18,0.3446252874536669
2160,43.2,0.3445279542119673
2161,43.22,0.34467845879166215
2162,43.24,0.34475855766331764
2163,43.26,0.3449180172680764
2164,43.28,0.3450309586600982
2165,43.3,0.34502658215399157
2166,43.32,0.3447657938017363
2167,43.34,0.3445268606338577
2168,43.36,0.3443227189628958
2169,43.38,0.34412887762536093
2170,43.4,0.3439843410144224
2171,43.42,0.3440822099437754
2172,43.44,0.3442730146300834
2173,43.46,0.34446949152080847
2174,43.48,0.34421490322142234
2175,43.5,0.3442983290492543
2176,43.52,0.34337060846512585
2177,43.54,0.34449859626068996
2178,43.56,0.34419051593722366
2179,43.58,0.34430993520983644
2180,43.6,0.34441549017228335
2181,43.62,0.3447043724304203
2182,43.64,0.34496413486492045
2183,43.66,0.3451284250475144
2184,43.68,0.34517640421950574
2185,43.7,0.3452257325752238
2186,43.72,0.34481190437877224
2187,43.74,0.344347361790134
2188,43.76,0.34424593479806803
2189,43.78,0.3443381101455713
2190,43.8,0.3445589955047503
2191,43.82,0.3445493212857586
2192,43.84,0.3445098682661246
2193,43.86,0.34446452865837146
2194,43.88,0.344320616360703
2195,43.9,0.34412400054051295
2196,43.92,0.344119207566509
2197,43.94,0.3440795192609713
2198,43.96,0.3442559424766473
2199,43.98,0.3442922737145978
2200,44.0,0.3443503896196718
2201,44.02,0.34439278019584335
2202,44.04,0.34341421794350807
2203,44.06,0.3450361768270278
2204,44.08,0.34149426237652436
2205,44.1,0.34424963510452855
2206,44.12,0.3443227189628958
2207,44.14,0.3445976091893469
2208,44.16,0.3447313805413072
2209,44.18,0.34491111664272084
2210,44.2,0.34515881158915324
2211,44.22,0.34531168420991776
2212,44.24,0.34538476153745495
2213,44.26,0.34529627803560486
2214,44.28,0.3447922987093701
2215,44.3,0.34433869888403884
2216,44.32,0.3447401309891354
2217,44.34,0.3449104434135283
2218,44.36,0.34459988062899216
2219,44.38,0.3447504801753031
2220,44.4,0.3447352509222489
2221,44.42,0.3444554441604291
2222,44.44,0.34431624296230307
2223,44.46,0.3442948808680799
2224,44.48,0.34428874145298116
2225,44.5,0.34424257089498556
2226,44.52,0.34431800914012367
2227,44.54,0.3444127985925796
2228,44.56,0.344569931691092
2229,44.58,0.34430085211618305
2230,44.6,0.3449062357413436
2231,44.62,0.34460888231091735
2232,44.64,0.34198097497305374
2233,44.66,0.34430892597313406
2234,44.68,0.3442867230233735
2235,44.7,0.3444391259176871
2236,44.72,0.34470285797851075
2237,44.74,0.3450429099858816
2238,44.76,0.3454347737542473
2239,44.78,0.3455457525553737
2240,44.8,0.3454130509689843
2241,44.82,0.34490253300446616
2242,44.84,0.34433070889154754
2243,44.86,0.3441859749224
2244,44.88,0.34424837363487876
2245,44.9,0.3442420663104992
2246,44.92,0.34423878651754375
2247,44.94,0.344348707491019
2248,44.96,0.34427578993379904
2249,44.98,0.3440816213562934
2250,45.0,0.34404958590305423
2251,45.02,0.3440422708647448
2252,45.04,0.3439647515630834
2253,45.06,0.34411870304426595
2254,45.08,0.3441735292837738
2255,45.1,0.3441787429783998
2256,45.12,0.3442307132268665
2257,45.14,0.34336699543372873
2258,45.16,0.3449181014223381
2259,45.18,0.34137534656988217
2260,45.2,0.3441641110656111
2261,45.22,0.3441827794058111
2262,45.24,0.34444711677648
2263,45.26,0.3446567524292772
2264,45.28,0.3448787180017656
2265,45.3,0.3451004803450325
2266,45.32,0.34521689369773384
2267,45.34,0.3451959332434211
2268,45.36,0.3449833231047491
2269,45.38,0.34450280221800733
2270,45.4,0.344212969035789
2271,45.42,0.3442703234338361
2272,45.44,0.34460711561928875
2273,45.46,0.3446502742651292
2274,45.48,0.34477908823902226
2275,45.5,0.3447050455208941
2276,45.52,0.3444183499836565
2277,45.54,0.3442542605068591
2278,45.56,0.3442166692202679
2279,45.58,0.3442294517810858
2280,45.6,0.34419295463888044
2281,45.62,0.34435467906054384
2282,45.64,0.34438201416499353
2283,45.66,0.34443298561694696
2284,45.68,0.3442503919870823
2285,45.7,0.3450947568276221
2286,45.72,0.34518482185546207
2287,45.74,0.3418367484571525
2288,45.76,0.34416772697816544
2289,45.78,0.34432599903114425
2290,45.8,0.3444693232877802
2291,45.82,0.3446925092851798
2292,45.84,0.3449366155320653
2293,45.86,0.3452269110981253
2294,45.88,0.34529089013995096
2295,45.9,0.3452121796616837
2296,45.92,0.344804752051408
2297,45.94,0.3442777242409436
2298,45.96,0.3442060732739756
2299,45.98,0.3441945524121561
2300,46.0,0.3442787334461565
2301,46.02,0.3443115331700316
2302,46.04,0.3443507260457419
2303,46.06,0.34430102032087134
2304,46.08,0.34407834208952104
2305,46.1,0.3439960276080609
2306,46.12,0.34408717090917523
2307,46.14,0.3439963639149355
2308,46.16,0.34403234940403804
2309,46.18,0.3440257912043892
2310,46.2,0.3440183922615478
2311,46.22,0.3441613360718206
2312,46.24,0.3433438891462791
2313,46.26,0.3450338202321394
2314,46.28,0.34157897125771897
2315,46.3,0.3442647728644494
2316,46.32,0.34430522544727304
2317,46.34,0.3445906266479308
2318,46.36,0.34479726319875553
2319,46.38,0.3449505013393084
2320,46.4,0.34499308568387305
2321,46.42,0.3450925684325636
2322,46.44,0.3451238797716433
2323,46.46,0.3449692685245883
2324,46.48,0.3445347680717441
2325,46.5,0.3441278685713719
2326,46.52,0.3442489623205173
2327,46.54,0.34455764952085094
2328,46.56,0.34465683656155516
2329,46.58,0.3448331933735504
2330,46.6,0.344794738879039
2331,46.62,0.3446445533238938
2332,46.64,0.3444842120203683
2333,46.66,0.34438588319398783
2334,46.68,0.34430514134457174
2335,46.7,0.34421851931764164
2336,46.72,0.34419724340449614
2337,46.74,0.344264520566573
2338,46.76,0.3443993408027289
2339,46.78,0.3436622147361649
2340,46.8,0.3452887013156336
2341,46.82,0.34558322541754705
2342,46.84,0.3417358274374264
2343,46.86,0.3443266718669866
2344,46.88,0.34436653819870844
2345,46.9,0.344577587092694
2346,46.92,0.3447652889531707
2347,46.94,0.3449158292597593
2348,46.96,0.3452409692998363
2349,46.98,0.3453866137971779
2350,47.0,0.34528457623667363
2351,47.02,0.344786661098767
2352,47.04,0.3442723418303426
2353,47.06,0.3441651201561715
2354,47.08,0.34434542734828444
2355,47.1,0.3443708277088496
2356,47.12,0.34442053690375435
2357,47.14,0.34454410565869753
2358,47.16,0.34445536004509303
2359,47.18,0.3441654565199179
2360,47.2,0.34399779322041435
2361,47.22,0.3439868632892617
2362,47.24,0.34385520904340466
2363,47.26,0.3440269683139796
2364,47.28,0.34407153133904667
2365,47.3,0.3441572997309626
2366,47.32,0.3441980002473965
2367,47.34,0.3433788428645299
2368,47.36,0.34507060057827005
2369,47.38,0.341587274791639
2370,47.4,0.34442617245066387
2371,47.42,0.3445138219100694
2372,47.44,0.34471985362594026
2373,47.46,0.3448495180481005
2374,47.48,0.3450211957112311
2375,47.5,0.34514467036903873
2376,47.52,0.34530082409514296
2377,47.54,0.345340560902775
2378,47.56,0.34515014165072233
2379,47.58,0.34461006010707046
2380,47.6,0.34426132479898075
2381,47.62,0.34450683995367487
2382,47.64,0.3445160931594047
2383,47.66,0.34485927932102306
2384,47.68,0.3449526894234898
2385,47.7,0.3448595317690005
2386,47.72,0.34459382346807016
2387,47.74,0.34442306027904096
2388,47.76,0.344348707491019
2389,47.78,0.3442043072938424
2390,47.8,0.3440855733074615
2391,47.82,0.34426410007025365
2392,47.84,0.3443149814086267
2393,47.86,0.3444302939901525
2394,47.88,0.34419034775112173
2395,47.9,0.34435316513813513
2396,47.92,0.34328675589135643
2397,47.94,0.3444061537862053
2398,47.96,0.3443557724503756
2399,47.98,0.34433911941172785
2400,48.0,0.34446250987391885
2401,48.02,0.3447561175819354
2402,48.04,0.34484615211401304
2403,48.06,0.3449726348731037
2404,48.08,0.3450982077680218
2405,48.1,0.3449912341529223
2406,48.12,0.34466878341689305
2407,48.14,0.3442914326987955
2408,48.16,0.3442833589830808
2409,48.18,0.3444459391722252
2410,48.2,0.3444376959812703
2411,48.22,0.34434610019719897
2412,48.24,0.3442620816903822
2413,48.26,0.34420809154080384
2414,48.28,0.34403638524058444
2415,48.3,0.3439792964838293
2416,48.32,0.3439052288895175
2417,48.34,0.34376904626809496
2418,48.36,0.3438795040847382
2419,48.38,0.34404706347000646
2420,48.4,0.3441190393923997
2421,48.42,0.3441453589846473
2422,48.44,0.3432283657168602
2423,48.46,0.34490497344314053
2424,48.48,0.3413857448491333
2425,48.5,0.34413619329723183
2426,48.52,0.34419909346593053
2427,48.54,0.34456471595653393
2428,48.56,0.3447391213181705
2429,48.58,0.34477530183065536
2430,48.6,0.3448077812661644
2431,48.62,0.3449351848840934
2432,48.64,0.3450660555652189
2433,48.66,0.3450046999107609
2434,48.68,0.34469940840216756
2435,48.7,0.3445522656033703
2436,48.72,0.3447131226419176
2437,48.74,0.34441826587144053
2438,48.76,0.34465397606807496
2439,48.78,0.3446840957922941
2440,48.8,0.34463243849755215
2441,48.82,0.3444443409972403
2442,48.84,0.34436578122824063
2443,48.86,0.344235843122768
2444,48.88,0.3441344274405009
2445,48.9,0.3441164326973224
2446,48.92,0.3441800043602156
2447,48.94,0.34415948608023833
2448,48.96,0.3443885747012475
2449,48.98,0.34414561125246135
2450,49.0,0.34351757748150286
2451,49.02,0.34496337744195454
2452,49.04,0.3422024312693515
2453,49.06,0.3439097686296454
2454,49.08,0.34399375753961575
2455,49.1,0.34419673884288077
2456,49.12,0.3445272812406814
2457,49.14,0.3446929299616822
2458,49.16,0.3450355876777851
2459,49.18,0.34518128643973006
2460,49.2,0.34506454056545904
2461,49.22,0.34478556723770476
2462,49.24,0.34417933162304915
2463,49.26,0.34401612214233285
2464,49.28,0.3443297837386462
2465,49.3,0.3443928643059157
2466,49.32,0.34434761410891196
2467,49.34,0.34439782681270426
2468,49.36,0.3443659494438506
2469,49.38,0.3440163743775467
2470,49.4,0.3438366308806416
2471,49.42,0.3438727787546999
2472,49.44,0.34376013619976936
2473,49.46,0.3439222109860142
2474,49.48,0.343982155048041
2475,49.5,0.34404630674133285
2476,49.52,0.34414149088613444
2477,49.54,0.34321147940988866
2478,49.56,0.34497330814416666
2479,49.58,0.3413644452641839
2480,49.6,0.3441102943776899
2481,49.62,0.34408750724670334
2482,49.64,0.3443666223065736
2483,49.66,0.34452029919031407
2484,49.68,0.34475536031651016
2485,49.7,0.3449667437706385
2486,49.72,0.3450727889252547
2487,49.74,0.3451491315656969
2488,49.76,0.3450038582955836
2489,49.78,0.3446485916319566
2490,49.8,0.34434904391652316
2491,49.82,0.34453560929222027
2492,49.84,0.34455243385035283
2493,49.86,0.3445513402454725
2494,49.88,0.3447336522848267
2495,49.9,0.3447174136389971
2496,49.92,0.34452147688213886
2497,49.94,0.34439151854560757
2498,49.96,0.344417677086127
2499,49.98,0.3443942941782275
2500,50.0,0.3443193548015093
2501,50.02,0.3443361757216184
2502,50.04,0.3443349141427956
2503,50.06,0.34439101388595894
2504,50.08,0.3436401101872821
2505,50.1,0.3452598261202493
2506,50.12,0.3455956044019205
2507,50.14,0.3417707249921299
2508,50.16,0.34436460371976296
2509,50.18,0.3443078326345226
2510,50.2,0.3444512384022926
2511,50.22,0.34477058987582077
2512,50.24,0.3450103387507194
2513,50.26,0.3454216389904781
2514,50.28,0.34554937346728465
2515,50.3,0.34530612785739123
2516,50.32,0.3448014704124435
2517,50.34,0.34422406963030006
2518,50.36,0.34401351571551525
2519,50.38,0.3441520020583108
2520,50.4,0.3442699870348145
2521,50.42,0.3443925278656689
2522,50.44,0.34451113006568534
2523,50.46,0.344508185869187
2524,50.48,0.34423744096457126
2525,50.5,0.34418732040612393
2526,50.52,0.344137538713977
2527,50.54,0.3439626497134182
2528,50.56,0.34397946463443907
2529,50.58,0.34396735786280375
2530,50.6,0.34401654253439123
2531,50.62,0.34408532105479267
2532,50.64,0.34334304892770473
2533,50.66,0.345041563350484
2534,50.68,0.34143069349363103
2535,50.7,0.3441481339341018
2536,50.72,0.3442632590781455
2537,50.74,0.3444307986696246
2538,50.76,0.3446467407387368
2539,50.78,0.3447886805377178
2540,50.8,0.3450477073892233
2541,50.82,0.3450930734463828
2542,50.84,0.3450915584056903
2543,50.86,0.3448876380423523
2544,50.88,0.34444106054079976
2545,50.9,0.3441013812683151
2546,50.92,0.3442160805536395
2547,50.94,0.3444061537862053
2548,50.96,0.3446167903974143
2549,50.98,0.34485490356620596
2550,51.0,0.34488772219405744
2551,51.02,0.34472439706576785
2552,51.04,0.34460551718669513
2553,51.06,0.3444858943769728
2554,51.08,0.34420876429731845
2555,51.1,0.3439547467982104
2556,51.12,0.3439695437968392
2557,51.14,0.344005864630872
2558,51.16,0.3442667912497527
2559,51.18,0.34403117228811353
2560,51.2,0.3441678110693106
2561,51.22,0.34325785442921336
2562,51.24,0.3443825188201004
2563,51.26,0.3442559424766473
2564,51.28,0.3443817618375356
2565,51.3,0.34454461039561135
2566,51.32,0.3448113995069273
2567,51.34,0.3449103592599111
2568,51.36,0.345039627565277
2569,51.38,0.3451265732659619
2570,51.4,0.34496236754555915
2571,51.42,0.34464337548711405
2572,51.44,0.34403848724523656
2573,51.46,0.3440105729837248
2574,51.48,0.34423853422622347
2575,51.5,0.34440009779860076
2576,51.52,0.3444978391902515
2577,51.54,0.34458919649486125
2578,51.56,0.34457935373215554
2579,51.58,0.3441780702420819
2580,51.6,0.34400090406881245
2581,51.62,0.343981146142092
2582,51.64,0.3437735853900298
2583,51.66,0.3438935433569524
2584,51.68,0.34398963779893293
2585,51.7,0.3440286499015124
2586,51.72,0.34419699112365665
2587,51.74,0.34339505978814816
2588,51.76,0.3450624364029335
2589,51.78,0.3415049134949051
2590,51.8,0.3440791829261298
2591,51.82,0.34411836669624535
2592,51.84,0.3442922737145978
2593,51.86,0.344463266917611
2594,51.88,0.34467021368378864
2595,51.9,0.3448308372569627
2596,51.92,0.3448084544262453
2597,51.94,0.3448124092508721
2598,51.96,0.34468518954236627
2599,51.98,0.3443825188201004
2600,52.0,0.34429698341616183
2601,52.02,0.3445706888161116
2602,52.04,0.3447014276649244
2603,52.06,0.34477252514029816
2604,52.08,0.34489293961360684
2605,52.1,0.3448251994290906
2606,52.12,0.34456143510518544
2607,52.14,0.3443493803421406
2608,52.16,0.3442360113165218
2609,52.18,0.3441906841233539
2610,52.2,0.344091122882275
2611,52.22,0.34415629064829373
2612,52.24,0.34424055255856767
2613,52.26,0.34438798593341546
2614,52.28,0.34425165345927816
2615,52.3,0.345264792931218
2616,52.32,0.34533778264242687
2617,52.34,0.3420037980615591
2618,52.36,0.3443414743700544
2619,52.38,0.34425737215319163
2620,52.4,0.3443445862877779
2621,52.42,0.34463807523877293
2622,52.44,0.34481627994543906
2623,52.46,0.34504753905889185
2624,52.48,0.3451349063099523
2625,52.5,0.34504265749160645
2626,52.52,0.3446662594214794
2627,52.54,0.34425005559476546
2628,52.56,0.34427654683614917
2629,52.58,0.3443031228818618
2630,52.6,0.34426166119508844
2631,52.62,0.344257203955845
2632,52.64,0.34424702806900626
2633,52.66,0.3441465362349906
2634,52.68,0.3440070417170069
2635,52.7,0.3439272552286453
2636,52.72,0.34387227435677037
2637,52.74,0.343797542208241
2638,52.76,0.344063711645705
2639,52.78,0.3441373705367849
2640,52.8,0.34421540779220283
2641,52.82,0.3443059823719033
2642,52.84,0.343463795575697
2643,52.86,0.3451270782969543
2644,52.88,0.34164816948057547
2645,52.9,0.34430329108693203
2646,52.92,0.3442941239518526
2647,52.94,0.34448934321686037
2648,52.96,0.3446168745263302
2649,52.98,0.3447379433699999
2650,53.0,0.34488317801211305
2651,53.02,0.3450290228954195
2652,53.04,0.3451572122744682
2653,53.06,0.34500402661856244
2654,53.08,0.34454132961022543
2655,53.1,0.34422785395204797
2656,53.12,0.3443185978667571
2657,53.14,0.3445909631548326
2658,53.16,0.3445899536344668
2659,53.18,0.34480113383469707
2660,53.2,0.34477891995390153
2661,53.22,0.3445381329578948
2662,53.24,0.34429075988666286
2663,53.26,0.34419303873214707
2664,53.28,0.34414561125246135
2665,53.3,0.34406430022264567
2666,53.32,0.3442652774603933
2667,53.34,0.3443720052246561
2668,53.36,0.34460265684000974
2669,53.38,0.3442069142179923
2670,53.4,0.34351564464415546
2671,53.42,0.34500840302595553
2672,53.44,0.34225203278912514
2673,53.46,0.3439621452701559
2674,53.48,0.3439884607332838
2675,53.5,0.3442313019021087
2676,53.52,0.3445388059364836
2677,53.54,0.3448810742311688
2678,53.56,0.3451675657780104
2679,53.58,0.34520805489836887
2680,53.6,0.3451458487964104
2681,53.62,0.34473499850564393
2682,53.64,0.3441528429568579
2683,53.66,0.34411660087099327
2684,53.68,0.3443055618581491
2685,53.7,0.3442809200609452
2686,53.72,0.34423247925363276
2687,53.74,0.34424685987339954
2688,53.76,0.3441975797790478
2689,53.78,0.3440024174580188
2690,53.8,0.3439301136440974
2691,53.82,0.34387202215790097
2692,53.84,0.34386924797453583
2693,53.86,0.3439972046826168
2694,53.88,0.3440625344928629
2695,53.9,0.34407329708471557
2696,53.92,0.34419623428152
2697,53.94,0.34333279831794183
2698,53.96,0.345029359549877
2699,53.98,0.34140343894381103
2700,54.0,0.344093813596301
2701,54.02,0.3440801919309936
2702,54.04,0.3443351664584328
2703,54.06,0.34453964716035657
2704,54.08,0.3446912472567343
2705,54.1,0.34490110240525357
2706,54.12,0.34499215991796917
2707,54.14,0.345099554479701
2708,54.16,0.34488772219405744
2709,54.18,0.3444644445422712
2710,54.2,0.34402848174263184
2711,54.22,0.34406430022264567
2712,54.24,0.34418345214529705
2713,54.26,0.3443097670036486
2714,54.28,0.3445450310099008
2715,54.3,0.34458473779547877
2716,54.32,0.344417677086127
2717,54.34,0.34432423283921204
2718,54.36,0.3443189342821318
2719,54.38,0.3441880772415142
2720,54.4,0.3441414067972025
2721,54.42,0.34425787674540115
2722,54.44,0.34422591974136535
2723,54.46,0.34432507388260025
2724,54.48,0.34394987056253723
2725,54.5,0.34412702769382547
2726,54.52,0.34320769893246783
2727,54.54,0.34423929110037516
2728,54.56,0.3440711950068918
2729,54.58,0.3440067894841471
2730,54.6,0.344089609358817
2731,54.62,0.344361575847187
2732,54.64,0.34473062329461424
2733,54.66,0.3450493906940959
2734,54.68,0.34516504052335983
2735,54.7,0.3450498956861102
2736,54.72,0.3444570423531589
2737,54.74,0.3439104411854912
2738,54.76,0.3438809332231983
2739,54.78,0.34401200230951284
2740,54.8,0.34413652965124847
2741,54.82,0.34415914971850015
2742,54.84,0.3441550292963895
2743,54.86,0.3441570474601999
2744,54.88,0.3438918619965976
2745,54.9,0.34383856433850335
2746,54.92,0.34384310377600086
2747,54.94,0.343700709755724
2748,54.96,0.3437756027841699
2749,54.98,0.3437523189410536
2750,55.0,0.3437756027841699
2751,55.02,0.34387782274798834
2752,55.04,0.343267012069547
2753,55.06,0.3448689565390959
2754,55.08,0.3412294466345274
2755,55.1,0.34384865200537096
2756,55.12,0.3439606319418958
2757,55.14,0.3441417431529727
2758,55.16,0.3444600705148095
2759,55.18,0.34467526170094787
2760,55.2,0.34494864988720214
2761,55.22,0.3448748470655129
2762,55.24,0.34480887515152603
2763,55.26,0.34458827110278856
2764,55.28,0.3442239855344239
2765,55.3,0.3441134055760823
2766,55.32,0.34431952300930985
2767,55.34,0.3440122545436875
2768,55.36,0.34451819617264806
2769,55.38,0.3446372339320959
2770,55.4,0.3446409356867691
2771,55.42,0.3444901843991251
2772,55.44,0.3443502214066792
2773,55.46,0.34421540779220283
2774,55.48,0.34409204781440483
2775,55.5,0.3439929167748327
2776,55.52,0.3440060327859493
2777,55.54,0.34400872327103166
2778,55.56,0.34417294064253995
2779,55.58,0.3432631473670683
2780,55.6,0.34454873242327655
2781,55.62,0.344336848564308
2782,55.64,0.3416667909109207
2783,55.66,0.3441009608405896
2784,55.68,0.34410314706669215
2785,55.7,0.3443297837386462
2786,55.72,0.3445678285690455
2787,55.74,0.34474198205521883
2788,55.76,0.3448795595116294
2789,55.78,0.34493543735123383
2790,55.8,0.34484127152971017
2791,55.82,0.34441296681609884
2792,55.84,0.3438460460150149
2793,55.86,0.34388110135726907
2794,55.88,0.34397055269108257
2795,55.9,0.3441055014693786
2796,55.92,0.3441515816093024
2797,55.94,0.34430009519543603
2798,55.96,0.34429075988666286
2799,55.98,0.34400527608832415
2800,56.0,0.34387034083373064
2801,56.02,0.34382982177619736
2802,56.04,0.34369188434739134
2803,56.06,0.3437718201734957
2804,56.08,0.34389203013250585
2805,56.1,0.34391456059991665
2806,56.12,0.34390077323869156
2807,56.14,0.3432001380205019
2808,56.16,0.34491902711968364
2809,56.18,0.3414336286433016
2810,56.2,0.3440991109606975
2811,56.22,0.34423247925363276
2812,56.24,0.3444877449725068
2813,56.26,0.3446692040834147
2814,56.28,0.34476377440900324
2815,56.3,0.34478876468109587
2816,56.32,0.3448709761442443
2817,56.34,0.3448839353743365
2818,56.36,0.3448285652926534
2819,56.38,0.34454116136511115
2820,56.4,0.34420767106821204
2821,56.42,0.34432709238961795
2822,56.44,0.3444975027146851
2823,56.46,0.3445769140880058
2824,56.48,0.34463260675802404
2825,56.5,0.3445509196285293
2826,56.52,0.3442898347707197
2827,56.54,0.34408036009856985
2828,56.56,0.3440420186229989
2829,56.58,0.34398795627700113
2830,56.6,0.34384713884885354
2831,56.62,0.3439232198325049
2832,56.64,0.34409961547305595
2833,56.66,0.34426805274263594
2834,56.68,0.3441547770261996
2835,56.7,0.3452099068308138
2836,56.72,0.3453739848216622
2837,56.74,0.34200044169234556
2838,56.76,0.3444068266759808
2839,56.78,0.3443981632547339
2840,56.8,0.344499521569782
2841,56.82,0.3447031945231813
2842,56.84,0.344910275106301
2843,56.86,0.3452011522712889
2844,56.88,0.34529408919949434
2845,56.9,0.345152582693746
2846,56.92,0.3447679814817988
2847,56.94,0.3442498873986495
2848,56.96,0.3440907024588625
2849,56.98,0.3441389682212522
2850,57.0,0.3441908523095124
2851,57.02,0.3442807518596378
2852,57.04,0.3443775563892771
2853,57.06,0.34429059168370046
2854,57.08,0.34414855438166064
2855,57.1,0.34402108277988336
2856,57.12,0.34394625543764545
2857,57.14,0.3438480635553421
2858,57.16,0.3440067894841471
2859,57.18,0.3440569850767001
2860,57.2,0.3441566270090702
2861,57.22,0.344244757430702
2862,57.24,0.34332758903193655
2863,57.26,0.3450048682338813
2864,57.28,0.3415065908467219
2865,57.3,0.34421347360559357
2866,57.32,0.34420270950498055
2867,57.34,0.34441044346628163
2868,57.36,0.34460223620148134
2869,57.38,0.3448160275083802
2870,57.4,0.3450887808370488
2871,57.42,0.34520628714787077
2872,57.44,0.3454004216595919
2873,57.46,0.3451628519744876
2874,57.48,0.3446238572510263
2875,57.5,0.34411197610534866
2876,57.52,0.3445662301992483
2877,57.54,0.3447131226419176
2878,57.56,0.3445075129112045
2879,57.58,0.34463193371630635
2880,57.6,0.34456025736630125
2881,57.62,0.34430741211999033
2882,57.64,0.34424223450529967
2883,57.66,0.34424122533692103
2884,57.68,0.344228526721858
2885,57.7,0.3441648678834359
2886,57.72,0.3442160805536395
2887,57.74,0.34433281151496103
2888,57.76,0.3444728561873178
2889,57.78,0.34348026597708126
2890,57.8,0.3446215016276067
2891,57.82,0.3443158224442341
2892,57.84,0.341554228812942
2893,57.86,0.3439197729445303
2894,57.88,0.34409507487099295
2895,57.9,0.34423878651754375
2896,57.92,0.34443197625605004
2897,57.94,0.3446634830338822
2898,57.96,0.34498946678566733
2899,57.98,0.3449865211805169
2900,58.0,0.34483698000112506
2901,58.02,0.3445105412256922
2902,58.04,0.34404723163201173
2903,58.06,0.343857646927484
2904,58.08,0.34405706915853335
2905,58.1,0.34415368385611206
2906,58.12,0.344136361474226
2907,58.14,0.3441698292589169
2908,58.16,0.34415923380892405
2909,58.18,0.34398770404895523
2910,58.2,0.3440006518375007
2911,58.22,0.34403260164334504
2912,58.24,0.3438976627017692
2913,58.26,0.34397442012844487
2914,58.28,0.34401990567722085
2915,58.3,0.3440053601658098
2916,58.32,0.3441043242673425
2917,58.34,0.34336817176809925
2918,58.36,0.3450755664494778
2919,58.38,0.3414905722517349
2920,58.4,0.3441164326973224
2921,58.42,0.34417453838383805
2922,58.44,0.34444795792322536
2923,58.46,0.34468123522083816
2924,58.48,0.3447975997751992
2925,58.5,0.34504997985147073
2926,58.52,0.3451771618038402
2927,58.54,0.3451858319765384
2928,58.56,0.34496539723780506
2929,58.58,0.3444803426109189
2930,58.6,0.3440890207669797
2931,58.62,0.34412492550305285
2932,58.64,0.3444091817937608
2933,58.66,0.3444123780339053
2934,58.68,0.34465136797820967
2935,58.7,0.3446350465380481
2936,58.72,0.3444242378563538
2937,58.74,0.3443180932439072
2938,58.76,0.34427267823015645
2939,58.78,0.34414048181941786
2940,58.8,0.3441432567553385
2941,58.82,0.3441362773857254
2942,58.84,0.3441858067370618
2943,58.86,0.34439101388595894
2944,58.88,0.3439975409898873
2945,58.9,0.34339153069429895
2946,58.92,0.34499653627342897
2947,58.94,0.34225899902023493
2948,58.96,0.3441477134867198
2949,58.98,0.34415351567620467
2950,59.0,0.3443214574010496
2951,59.02,0.3445914679153977
2952,59.04,0.3447662986505567
2953,59.06,0.3450967768888499
2954,59.08,0.34522623765629723
2955,59.1,0.345054861454501
2956,59.12,0.34462293182687825
2957,59.14,0.3438978308386528
2958,59.16,0.3438475591698787
2959,59.18,0.3441481339341018
2960,59.2,0.34426351137570366
2961,59.22,0.344241898115727
2962,59.24,0.3443566976273208
2963,59.26,0.34436695873810486
2964,59.28,0.3440204942283789
2965,59.3,0.34389976441484577
2966,59.32,0.3438685754463942
2967,59.34,0.3436693588963656
2968,59.36,0.3437536638414266
2969,59.38,0.3436900352240862
2970,59.4,0.34374307279995286
2971,59.42,0.3437925826794675
2972,59.44,0.34311957585279124
2973,59.46,0.34486592713902103
2974,59.48,0.3413061672226582
2975,59.5,0.3440651410474476
2976,59.52,0.34412055296040145
2977,59.54,0.3443204481527185
2978,59.56,0.34444030351391863
2979,59.58,0.34462697004762755
2980,59.6,0.34483546534837456
2981,59.62,0.3448336982563986
2982,59.64,0.3448826731042828
2983,59.66,0.3447768163922817
2984,59.68,0.34442575188636504
2985,59.7,0.3442649410630691
2986,59.72,0.34439614460425416
2987,59.74,0.34454595636196034
2988,59.76,0.344644216798958
2989,59.78,0.3447567065665515
2990,59.8,0.34477740538908924
2991,59.82,0.3445533592092626
2992,59.84,0.3443721734413131
2993,59.86,0.34417420201703686
2994,59.88,0.3439791283332478
2995,59.9,0.34386311117201
2996,59.92,0.34400477162355886
2997,59.94,0.344150488442708
2998,59.96,0.34427486483170466
2999,59.98,0.3442043072938424
